Gen,ID,Fitness
1,ID01,0.229905529439001
1,ID01,0.38327910360404
1,ID01,0.181502905444851
1,ID01,0.109011858090166
1,ID01,0.0740355354011684
1,ID01,0.361780463534962
1,ID01,0.302396074258112
1,ID01,0.540779327036521
1,ID01,0.0657084357469331
1,ID01,0.534252980913416
1,ID01,0.15223469754864
1,ID01,0.567194989697057
1,ID01,0.288104954240033
1,ID01,0.603524339522225
1,ID01,0.589153174992232
1,ID01,0.264532865063288
1,ID01,0.664426572386391
1,ID01,0.13416793881783
1,ID01,0.216957868179957
1,ID01,0.605476367509547
1,ID01,0.366463041285811
1,ID01,0.223118782836769
1,ID01,0.381747530209419
1,ID01,0.503832268314812
1,ID01,0.0552605831180239
1,ID01,0.224129620173405
1,ID01,0.221028129166172
1,ID01,0.154338910972702
1,ID01,0.528810681196819
1,ID01,0.0895814195834465
1,ID01,0.225479804410966
1,ID01,0.229512876640337
1,ID01,0.239088358798657
1,ID01,0.322076415635266
1,ID01,0.307903416512592
1,ID01,0.217207400999099
1,ID01,0.518934949007452
1,ID01,0.277931908607339
1,ID01,0.183346868073076
1,ID01,0.481839163902253
1,ID01,0.304551444778136
1,ID01,0.283268271317516
1,ID01,0.379908909923566
1,ID01,0.316147192682836
1,ID01,0.209286330828323
1,ID01,0.208410300265757
1,ID01,0.285880647217461
1,ID01,0.273414628253118
1,ID01,0.241938510774077
1,ID01,0.195053677759004
1,ID01,0.290806980928392
1,ID01,0.132748685861106
1,ID01,0.246133942125305
1,ID01,0.533158950242564
1,ID01,0.58797183069079
1,ID01,0.084458891311665
1,ID01,0.423136749852084
1,ID01,0.304801813764981
1,ID01,0.414452457309345
1,ID01,0.34640356443017
1,ID01,0.420556414168992
1,ID01,0.511378522252614
1,ID01,0.15557663149943
1,ID01,0.233721420271874
1,ID01,0.264477948726484
1,ID01,0.331414352835905
1,ID01,0.22615463227977
1,ID01,0.311526989855854
1,ID01,0.249961086805945
1,ID01,0.223424826443686
1,ID01,0.352892877359994
1,ID01,0.340209369399267
1,ID01,0.258770445040231
1,ID01,0.375690143872153
1,ID01,0.333070609661691
1,ID01,0.262264584965401
1,ID01,0.137182325456003
1,ID01,0.160740675887988
1,ID01,0.233886866886518
1,ID01,0.214184406706744
1,ID01,0.492367471458223
1,ID01,0.293337939844279
1,ID01,0.213936499390347
1,ID01,0.205764815569878
1,ID01,0.530035671421536
1,ID01,0.16683356653802
1,ID01,0.273027148053731
1,ID01,0.50484827994425
1,ID01,0.639548264990966
1,ID01,0.296736065014935
1,ID01,0.423169474953935
1,ID01,0.282128213045208
1,ID01,0.560867893194162
1,ID01,0.574746255600064
1,ID01,0.540632720204589
1,ID01,0.083177778581384
1,ID01,0.31822048116902
1,ID01,0.343489028000682
1,ID01,0.286827076298826
1,ID01,0.166361014413611
1,ID02,1.47122506191086
1,ID02,1.39744990682666
1,ID02,1.50459328431094
1,ID02,0.798925278881082
1,ID02,0.771066042703325
1,ID02,0.870279846300672
1,ID02,1.19401752240838
1,ID02,0.802153522815793
1,ID02,0.926639898588336
1,ID02,1.33941872169939
1,ID02,0.787392269900251
1,ID02,0.942491325912464
1,ID02,0.93807972395459
1,ID02,1.48644358637244
1,ID02,0.89829349044164
1,ID02,0.90926647265608
1,ID02,1.46291618591407
1,ID02,0.830048422005631
1,ID02,1.49770315488158
1,ID02,1.15798767737935
1,ID02,1.42834667015491
1,ID02,0.787267774498673
1,ID02,0.94852672921497
1,ID02,1.49722664818971
1,ID02,0.745770738630793
1,ID02,0.818955444743335
1,ID02,1.02456294203676
1,ID02,1.45629244146067
1,ID02,1.09884413552531
1,ID02,0.897389372939464
1,ID02,1.28274294957297
1,ID02,1.45415857540568
1,ID02,1.26189608621169
1,ID02,0.90160960064593
1,ID02,1.1218085157467
1,ID02,1.12070820161049
1,ID02,0.855717077362315
1,ID02,0.862361820647171
1,ID02,0.89468871963796
1,ID02,1.44061661316584
1,ID02,0.847102740301586
1,ID02,0.818841870500788
1,ID02,0.614751329488678
1,ID02,0.942990377925913
1,ID02,0.761671134067622
1,ID02,0.991864012532256
1,ID02,0.848654664557349
1,ID02,0.761161246357338
1,ID02,1.00092202686158
1,ID02,1.49578545729325
1,ID02,0.723533055194134
1,ID02,0.900515315042019
1,ID02,0.903018372459354
1,ID02,1.19188145793522
1,ID02,0.838593021750363
1,ID02,0.886340001489637
1,ID02,0.909013145539151
1,ID02,0.7831152484646
1,ID02,1.03863221319568
1,ID02,0.907281840824327
1,ID02,0.867043704940891
1,ID02,0.881014812474784
1,ID02,0.868377720366204
1,ID02,0.909290570381932
1,ID02,1.45504274589426
1,ID02,1.09472690418818
1,ID02,0.876048960526236
1,ID02,0.836819450884689
1,ID02,0.804910542379015
1,ID02,0.834914717024773
1,ID02,0.964091743352395
1,ID02,1.62650495205341
1,ID02,0.806643945948984
1,ID02,0.866062438405002
1,ID02,0.815838868159835
1,ID02,0.971124877474836
1,ID02,0.858393963333699
1,ID02,1.3829487793877
1,ID02,0.949330326961003
1,ID02,0.832582948291691
1,ID02,0.905682143905552
1,ID02,0.816199769223483
1,ID02,0.807803293658873
1,ID02,1.00558115142841
1,ID02,0.890400939743921
1,ID02,1.57715281501884
1,ID02,1.55565512274509
1,ID02,1.27984855111436
1,ID02,1.4476040543166
1,ID02,0.818608065592185
1,ID02,1.59149057451377
1,ID02,0.805334749170624
1,ID02,0.997690342749736
1,ID02,0.875791984561482
1,ID02,1.57582532111037
1,ID02,0.891561351678726
1,ID02,1.08398173016957
1,ID02,0.878953463936154
1,ID02,0.917613487466867
1,ID02,1.55667737026004
1,ID03,0.942345844167867
1,ID03,0.917626348540535
1,ID03,0.831240877618402
1,ID03,1.01158296541328
1,ID03,1.42230532363822
1,ID03,0.881837352359926
1,ID03,0.901988468601109
1,ID03,1.05853332600704
1,ID03,0.909108135428413
1,ID03,0.734534569648682
1,ID03,1.54138706453428
1,ID03,0.819066115667244
1,ID03,0.889163601875483
1,ID03,1.02588599133797
1,ID03,1.03623666310496
1,ID03,0.945667510526596
1,ID03,1.2788912789236
1,ID03,1.04300231910868
1,ID03,1.06756324924933
1,ID03,0.833577276800747
1,ID03,1.06391291844326
1,ID03,1.63305395019187
1,ID03,0.864430818915998
1,ID03,0.605473195958399
1,ID03,0.98568149443003
1,ID03,0.799577859175527
1,ID03,0.921283345072826
1,ID03,0.836985385549467
1,ID03,0.86100442957924
1,ID03,1.29589742069945
1,ID03,0.909534297733202
1,ID03,1.36907138057807
1,ID03,1.09667806415441
1,ID03,0.613604797014513
1,ID03,1.55209444602719
1,ID03,0.95616169605477
1,ID03,1.105107935305
1,ID03,0.975473173824681
1,ID03,0.848557786750209
1,ID03,0.950145491348963
1,ID03,0.8543471577931
1,ID03,0.955502573782345
1,ID03,0.888144754377268
1,ID03,1.51326738838114
1,ID03,0.856035560661394
1,ID03,0.828140606217573
1,ID03,0.863074210529588
1,ID03,1.77968185186289
1,ID03,0.954510229324055
1,ID03,0.772732149406619
1,ID03,0.928040345389863
1,ID03,0.934452066362894
1,ID03,0.831902128881861
1,ID03,0.824268611497875
1,ID03,0.596726137620761
1,ID03,0.812972567916157
1,ID03,0.862310257454038
1,ID03,0.688224145122285
1,ID03,1.03116804166443
1,ID03,0.815574816492523
1,ID03,1.39411617013079
1,ID03,1.01985452188383
1,ID03,0.747710548627702
1,ID03,0.912259041258016
1,ID03,0.86331355438242
1,ID03,1.34896953220347
1,ID03,0.868012758120018
1,ID03,0.962040188675591
1,ID03,0.85718454958258
1,ID03,1.95619890173478
1,ID03,0.891299801770315
1,ID03,0.928771642058392
1,ID03,0.827463892601994
1,ID03,0.943973543570741
1,ID03,1.48665242990725
1,ID03,0.836993615074532
1,ID03,0.997009421067883
1,ID03,1.53531584697339
1,ID03,0.966642577205165
1,ID03,0.956430710695867
1,ID03,0.892913312432874
1,ID03,1.10900262594031
1,ID03,0.908773748143712
1,ID03,0.930120237263718
1,ID03,0.937783298188264
1,ID03,0.80267589008556
1,ID03,0.723767302241945
1,ID03,1.03157914017792
1,ID03,0.778293579877508
1,ID03,1.45942618466589
1,ID03,0.845135117028769
1,ID03,1.87800009401234
1,ID03,0.947356535110539
1,ID03,0.612288610474118
1,ID03,0.7076795572943
1,ID03,0.865097193766077
1,ID03,0.896787279537434
1,ID03,0.97566829160452
1,ID03,0.845973524441453
1,ID03,0.879591098092803
1,ID04,0.498445536832512
1,ID04,0.577586460656356
1,ID04,0.551779474660152
1,ID04,0.555177701134131
1,ID04,0.566217832911216
1,ID04,0.547857877141775
1,ID04,0.568009660498773
1,ID04,0.592781973159231
1,ID04,0.568456828952181
1,ID04,0.563772030685794
1,ID04,0.526942051480769
1,ID04,0.572101194933587
1,ID04,0.552519602217468
1,ID04,0.580866651745356
1,ID04,0.543852144376973
1,ID04,0.539957084447727
1,ID04,0.55609497058408
1,ID04,0.554661844503634
1,ID04,0.559701134960822
1,ID04,0.561116789447325
1,ID04,0.559248056126073
1,ID04,0.544632253176344
1,ID04,0.553584816726595
1,ID04,0.579790464661712
1,ID04,0.553753037004197
1,ID04,0.553001853428217
1,ID04,0.569808179868553
1,ID04,0.587326373198623
1,ID04,0.55108769031546
1,ID04,0.584661530437264
1,ID04,0.552771881001477
1,ID04,0.55958953481729
1,ID04,0.577280340248314
1,ID04,0.555939725981669
1,ID04,0.546040537159292
1,ID04,0.575604889982758
1,ID04,0.596230180264454
1,ID04,0.572549316126549
1,ID04,0.574026623839575
1,ID04,0.560684410757612
1,ID04,0.559114637433763
1,ID04,0.560986175434285
1,ID04,0.562560265164418
1,ID04,0.574572320947827
1,ID04,0.556543119963392
1,ID04,0.553310947704918
1,ID04,0.543974351768109
1,ID04,0.569977032820149
1,ID04,0.562015254405711
1,ID04,0.569005663486836
1,ID04,0.561685966925267
1,ID04,0.550681024231332
1,ID04,0.567615232721401
1,ID04,0.469300553468171
1,ID04,0.564354517498147
1,ID04,0.554191364185719
1,ID04,0.61453157740114
1,ID04,0.584515617909578
1,ID04,0.557746915372873
1,ID04,0.561824367080234
1,ID04,0.553121397231032
1,ID04,0.567255390706951
1,ID04,0.558685879869768
1,ID04,0.551639868796062
1,ID04,0.473105222582526
1,ID04,0.548631426990875
1,ID04,0.564450543010176
1,ID04,0.542762770250287
1,ID04,0.39600761554649
1,ID04,0.560257780062617
1,ID04,0.554282357904736
1,ID04,0.532001125154839
1,ID04,0.531829852559065
1,ID04,0.542791787049827
1,ID04,0.574146092594615
1,ID04,0.578043260424183
1,ID04,0.54976720269598
1,ID04,0.545851003160344
1,ID04,0.551626283956879
1,ID04,0.565006468690166
1,ID04,0.567085227703651
1,ID04,0.568486136891926
1,ID04,0.540120219174359
1,ID04,0.544323968782569
1,ID04,0.580325452635709
1,ID04,0.551363282662805
1,ID04,0.534216301353952
1,ID04,0.553716246120452
1,ID04,0.551507787203402
1,ID04,0.541005734562153
1,ID04,0.4812863111117
1,ID04,0.554005669751504
1,ID04,0.552485780106468
1,ID04,0.554840515586535
1,ID04,0.543138523939629
1,ID04,0.563811336625174
1,ID04,0.544861641842785
1,ID04,0.595913526327797
1,ID04,0.561965263152307
1,ID04,0.589683552947583
1,ID05,1.5090008844218
1,ID05,1.17107763643489
1,ID05,0.950470269968699
1,ID05,0.883880199390054
1,ID05,0.777747061861593
1,ID05,0.982946327842503
1,ID05,0.862582730561804
1,ID05,0.928447185683661
1,ID05,1.01152443747084
1,ID05,0.877981893282382
1,ID05,0.860938403484111
1,ID05,1.47829489229756
1,ID05,1.44598864944612
1,ID05,0.80885227581305
1,ID05,0.844464288136088
1,ID05,0.889995675874894
1,ID05,1.11590364631535
1,ID05,1.51930011370382
1,ID05,1.51743095207368
1,ID05,1.2396428062968
1,ID05,0.928652895146547
1,ID05,0.909790153375056
1,ID05,1.12678925092025
1,ID05,1.11533850640434
1,ID05,1.20430695715616
1,ID05,1.40004203825222
1,ID05,0.893030074666049
1,ID05,0.915199204672534
1,ID05,0.863422859739008
1,ID05,1.57838133483962
1,ID05,0.998510719201792
1,ID05,1.14469923152192
1,ID05,0.964399803219056
1,ID05,1.24462637510174
1,ID05,0.785330610254454
1,ID05,0.890124186089904
1,ID05,1.55534673829791
1,ID05,1.08054040898887
1,ID05,1.53653120318849
1,ID05,0.955335523699725
1,ID05,0.812581708074024
1,ID05,0.879714128016735
1,ID05,1.44933658804407
1,ID05,1.46262885883672
1,ID05,0.877748990722292
1,ID05,1.45117945591684
1,ID05,0.672736822918718
1,ID05,0.874772540630727
1,ID05,0.873928461525106
1,ID05,0.834613732858543
1,ID05,0.875120677841786
1,ID05,1.56587490225392
1,ID05,0.809993687669877
1,ID05,1.47860240075337
1,ID05,0.840269574412571
1,ID05,1.59210885555953
1,ID05,0.837250897120281
1,ID05,1.38644583773856
1,ID05,1.30458090858037
1,ID05,0.910262564858225
1,ID05,0.841295151652168
1,ID05,0.778557273659376
1,ID05,1.16994070445976
1,ID05,0.865863216039102
1,ID05,0.969882040343916
1,ID05,1.55215670118265
1,ID05,1.23133320226925
1,ID05,0.884772180049606
1,ID05,1.12612697505604
1,ID05,0.810373761664462
1,ID05,0.739687605250914
1,ID05,0.871001392257512
1,ID05,0.788517111731374
1,ID05,0.800967806162144
1,ID05,0.870771994284571
1,ID05,1.55327419358814
1,ID05,0.866238659017417
1,ID05,0.980287791641063
1,ID05,0.882618437024762
1,ID05,0.788236396772556
1,ID05,1.57074673364823
1,ID05,1.04535756278203
1,ID05,1.09419721836563
1,ID05,0.843376102149982
1,ID05,1.49464481381718
1,ID05,0.827801794998627
1,ID05,0.87760548419972
1,ID05,0.918352308543608
1,ID05,0.837022116028923
1,ID05,1.33794867637659
1,ID05,0.865013235724115
1,ID05,0.934979026376628
1,ID05,1.83417615450977
1,ID05,0.811333328152641
1,ID05,0.884138721949126
1,ID05,0.795328623772135
1,ID05,0.751497337534906
1,ID05,0.819271903329807
1,ID05,1.60843100809061
1,ID05,0.915288052176158
1,ID06,1.01753313833153
1,ID06,1.08016552217498
1,ID06,1.04088002236862
1,ID06,1.14049048891973
1,ID06,1.02151021326874
1,ID06,1.05781848266931
1,ID06,1.02433255164887
1,ID06,1.01693536312116
1,ID06,1.08057445902577
1,ID06,1.48499221407549
1,ID06,1.03032589274506
1,ID06,0.800779342126199
1,ID06,1.5577937252912
1,ID06,1.00558480683458
1,ID06,1.06568256886717
1,ID06,1.07506726129255
1,ID06,0.959021377310088
1,ID06,1.40669856030213
1,ID06,0.950153719526202
1,ID06,1.00749105469502
1,ID06,1.04853509931073
1,ID06,1.49557250976799
1,ID06,1.1991310613265
1,ID06,1.16327322751942
1,ID06,1.03006276624002
1,ID06,1.09919238316408
1,ID06,1.03319400204312
1,ID06,1.00377130992833
1,ID06,0.984584653874585
1,ID06,1.12770538685805
1,ID06,1.04736506645791
1,ID06,1.02706120299525
1,ID06,1.22409794071522
1,ID06,1.07602337610515
1,ID06,1.55877835868565
1,ID06,1.07686585558295
1,ID06,0.862062480349188
1,ID06,0.942549714966735
1,ID06,1.10964790681927
1,ID06,1.15999843835994
1,ID06,0.993185629241946
1,ID06,0.866121709289337
1,ID06,1.06159276297579
1,ID06,1.08802180510889
1,ID06,1.02724137238657
1,ID06,0.822463671488143
1,ID06,1.47389328994083
1,ID06,1.08289797503698
1,ID06,1.04884450843233
1,ID06,1.0745309575903
1,ID06,1.35952542210683
1,ID06,1.3905340383359
1,ID06,1.00796878170757
1,ID06,1.07990848432634
1,ID06,1.00958485049416
1,ID06,1.05777595355398
1,ID06,1.04995987607005
1,ID06,1.37474155318367
1,ID06,1.18776132634754
1,ID06,1.02210564306608
1,ID06,1.07058751364483
1,ID06,0.848805643583761
1,ID06,0.951452608008207
1,ID06,1.47166636723686
1,ID06,1.12544313154868
1,ID06,0.97361714607334
1,ID06,0.999453162445829
1,ID06,1.00048309106326
1,ID06,1.03733737469648
1,ID06,0.99688581150819
1,ID06,1.07364814190558
1,ID06,1.01132135408158
1,ID06,1.08136447462314
1,ID06,1.08281546999217
1,ID06,1.04334088530538
1,ID06,1.02817222220122
1,ID06,1.13364475279597
1,ID06,1.10426714549603
1,ID06,1.02177289812395
1,ID06,1.15016302295808
1,ID06,0.979299103602685
1,ID06,1.11094117096256
1,ID06,1.09808155703847
1,ID06,0.867695791041054
1,ID06,1.05831602800127
1,ID06,1.19897593654145
1,ID06,1.05151072721985
1,ID06,0.993430962949198
1,ID06,1.03578696351663
1,ID06,1.03173672057929
1,ID06,1.10304957823245
1,ID06,0.954935460575232
1,ID06,1.06540672768331
1,ID06,1.19508749203939
1,ID06,1.33812974101811
1,ID06,1.03149729539095
1,ID06,1.12327129845685
1,ID06,1.0746088225637
1,ID06,1.03455186075427
1,ID06,1.0515303418157
1,ID07,0.543859548688
1,ID07,0.42265245381974
1,ID07,0.76138245864243
1,ID07,0.399629057181377
1,ID07,0.127740403900985
1,ID07,0.248826529222505
1,ID07,0.41275163891832
1,ID07,0.754959760299097
1,ID07,0.12474108220176
1,ID07,0.364237844193779
1,ID07,0.382284928133634
1,ID07,0.654994540571006
1,ID07,0.67223527214987
1,ID07,0.812508113458068
1,ID07,1.10611965829685
1,ID07,0.338415767609654
1,ID07,0.0136044069121788
1,ID07,0.472352442723342
1,ID07,0.43016673167109
1,ID07,0.164131857338711
1,ID07,0.466185500831068
1,ID07,0.595015583419633
1,ID07,0.364047140700493
1,ID07,0.803529689404543
1,ID07,0.216317732134621
1,ID07,0.524630328584577
1,ID07,0.786620949191254
1,ID07,0.766095787712082
1,ID07,0.51760930847842
1,ID07,0.351756064695334
1,ID07,0.540397661956587
1,ID07,0.412710793361778
1,ID07,0.743012402720325
1,ID07,0.360872374115645
1,ID07,0.304879939353555
1,ID07,0.444825050600913
1,ID07,0.243353563879285
1,ID07,0.608489737844128
1,ID07,0.689270695438455
1,ID07,0.478467514961041
1,ID07,0.531828388536468
1,ID07,0.504851185146301
1,ID07,0.256817135085797
1,ID07,0.477907987787417
1,ID07,0.209495853510284
1,ID07,0.539834091641012
1,ID07,0.562980293145643
1,ID07,0.576868734679463
1,ID07,0.171975873985967
1,ID07,0.424921102652494
1,ID07,0.303767126464083
1,ID07,0.272852082622325
1,ID07,0.569622249267652
1,ID07,0.571997073358256
1,ID07,0.271221923428024
1,ID07,0.814321172969256
1,ID07,0.296972043289624
1,ID07,0.180532246345999
1,ID07,0.488354044449425
1,ID07,0.519047263588227
1,ID07,0.697525895174719
1,ID07,0.521515080362744
1,ID07,0.467075638190708
1,ID07,0.489139243521709
1,ID07,0.213263515633362
1,ID07,0.552564376988666
1,ID07,0.351277038941201
1,ID07,0.183473119487521
1,ID07,0.703636200087084
1,ID07,0.786454627831701
1,ID07,0.237955284107292
1,ID07,0.371204261911429
1,ID07,0.24820464498258
1,ID07,0.209319902536513
1,ID07,0.592745155075737
1,ID07,0.2235410710878
1,ID07,0.686449321559683
1,ID07,0.621277785364414
1,ID07,0.497437745796182
1,ID07,0.112085689395285
1,ID07,0.373459429422022
1,ID07,0.505571317019968
1,ID07,0.230402416853885
1,ID07,0.223859056887976
1,ID07,0.192855112389686
1,ID07,0.537868941127613
1,ID07,0.731202893290097
1,ID07,0.694662857577012
1,ID07,0.238728760255848
1,ID07,0.189290925593941
1,ID07,0.427319842995964
1,ID07,0.447341151341552
1,ID07,0.289891500500333
1,ID07,0.456061449541717
1,ID07,0.511059741043462
1,ID07,0.536498412679554
1,ID07,0.385352852686456
1,ID07,0.486899465644157
1,ID07,0.418864890901952
1,ID07,0.476954329965766
1,ID08,0.89951775682722
1,ID08,0.623592902300841
1,ID08,0.82002423983612
1,ID08,0.610596019458963
1,ID08,0.700300236010971
1,ID08,0.891633477359889
1,ID08,0.781047207108351
1,ID08,0.999297777874345
1,ID08,0.731978796905494
1,ID08,0.870712932677294
1,ID08,0.542340071779645
1,ID08,1.12419565852737
1,ID08,0.807885948836106
1,ID08,1.00815232531502
1,ID08,0.49174968090172
1,ID08,0.635458026690649
1,ID08,0.966658964581415
1,ID08,1.07535095047691
1,ID08,1.06328309292118
1,ID08,1.02369444144504
1,ID08,0.445852355690311
1,ID08,0.666213766201715
1,ID08,0.94282373917141
1,ID08,0.716900364207297
1,ID08,0.920629881702408
1,ID08,0.59892325470779
1,ID08,0.98259848625091
1,ID08,0.515535667941913
1,ID08,0.763836447985413
1,ID08,0.926602025859866
1,ID08,1.17031774956842
1,ID08,0.744845214783001
1,ID08,0.712161637652386
1,ID08,0.78644711745097
1,ID08,0.993273265878703
1,ID08,0.486454898048405
1,ID08,0.802796301732786
1,ID08,0.595400600628209
1,ID08,1.04182026273928
1,ID08,1.02106004380094
1,ID08,0.951917582129499
1,ID08,0.599635895924501
1,ID08,0.848800397371829
1,ID08,0.563599400530773
1,ID08,0.839007995404963
1,ID08,0.688251391273208
1,ID08,0.745410927058116
1,ID08,0.615352505956153
1,ID08,0.619110857136696
1,ID08,0.525447549876917
1,ID08,0.393477206023666
1,ID08,0.772413778827223
1,ID08,0.713000659491968
1,ID08,0.892436544765542
1,ID08,0.513323362262821
1,ID08,0.861028182451882
1,ID08,0.782883219976696
1,ID08,0.709182418056528
1,ID08,0.827407461121816
1,ID08,0.805029739592448
1,ID08,1.14705785312146
1,ID08,0.971740016500077
1,ID08,0.804711841667981
1,ID08,0.691315429195854
1,ID08,0.951147622848977
1,ID08,0.726493191947722
1,ID08,0.50134146140204
1,ID08,0.459207572135416
1,ID08,0.639807987441185
1,ID08,0.857489739329328
1,ID08,1.19273542138362
1,ID08,0.915700987422427
1,ID08,0.530394475893085
1,ID08,0.535666624431261
1,ID08,0.522586991436831
1,ID08,0.711770482660003
1,ID08,0.497447019657642
1,ID08,0.798037678000111
1,ID08,0.896017681734468
1,ID08,1.01404969170484
1,ID08,0.722570666162977
1,ID08,0.874898673663863
1,ID08,0.800092724981127
1,ID08,0.672150904859243
1,ID08,0.508265637078113
1,ID08,0.784367491289235
1,ID08,0.539238966357689
1,ID08,0.767610671982343
1,ID08,0.665184892768803
1,ID08,0.970640859527016
1,ID08,0.780785128696666
1,ID08,0.438951656509428
1,ID08,1.01095604067779
1,ID08,0.767509404742372
1,ID08,0.631839570997223
1,ID08,0.337844214943768
1,ID08,0.697974289383124
1,ID08,0.846369506481507
1,ID08,0.739136357326331
1,ID08,0.373648210187426
1,ID09,1.02994457525651
1,ID09,0.786002693102619
1,ID09,0.771588083450823
1,ID09,1.02172161132381
1,ID09,0.982946393989336
1,ID09,0.954192202421211
1,ID09,1.11614775104397
1,ID09,0.93717512433911
1,ID09,0.89571453528155
1,ID09,0.773293073018036
1,ID09,0.962146337777105
1,ID09,1.0260112143081
1,ID09,0.972470988552784
1,ID09,0.946678459779978
1,ID09,0.937291356859637
1,ID09,0.730249238430984
1,ID09,0.952723489834894
1,ID09,1.02514966132576
1,ID09,0.942769984494387
1,ID09,0.886859121829934
1,ID09,0.910371788722425
1,ID09,1.08277499028531
1,ID09,1.07177854801648
1,ID09,0.964848978074728
1,ID09,0.805474517879885
1,ID09,0.732304364267468
1,ID09,0.744016645600749
1,ID09,1.13452712093726
1,ID09,0.916678175358831
1,ID09,1.05548193700438
1,ID09,0.80459710743019
1,ID09,0.88219803792
1,ID09,1.5280757837454
1,ID09,0.98349335572326
1,ID09,1.0518101102732
1,ID09,1.00272522926462
1,ID09,1.02037948540748
1,ID09,0.965528488383857
1,ID09,1.01657898258467
1,ID09,0.95029899232962
1,ID09,1.12174432433711
1,ID09,1.01472581613921
1,ID09,0.979938042688567
1,ID09,0.893282027399992
1,ID09,0.969163847420793
1,ID09,0.688709202252392
1,ID09,0.959197609621746
1,ID09,0.970518818289206
1,ID09,1.00273971376531
1,ID09,0.690608011011712
1,ID09,1.03815730736832
1,ID09,0.815763572768695
1,ID09,0.986361409987841
1,ID09,0.837417983146092
1,ID09,0.820337557081389
1,ID09,0.730373791547138
1,ID09,0.891720255164419
1,ID09,0.848863459125135
1,ID09,0.754062164460469
1,ID09,0.959175532336558
1,ID09,0.771016785488113
1,ID09,0.976681022524476
1,ID09,0.709480360463283
1,ID09,0.896094435136528
1,ID09,1.0417654853398
1,ID09,0.986409151977426
1,ID09,1.04624673880839
1,ID09,0.716670144258133
1,ID09,0.711191406796438
1,ID09,0.673878255377782
1,ID09,0.858521723152287
1,ID09,0.942069952474889
1,ID09,1.03367412021385
1,ID09,0.946757875682093
1,ID09,0.884282722171043
1,ID09,0.963732471374276
1,ID09,0.934396125104308
1,ID09,0.965315261815629
1,ID09,0.934618223178033
1,ID09,0.997795701141944
1,ID09,0.998151728509204
1,ID09,0.909063606224098
1,ID09,1.01499252248407
1,ID09,0.778529884612911
1,ID09,0.954200135467353
1,ID09,0.799167978843399
1,ID09,0.95002973381257
1,ID09,0.566848993605061
1,ID09,0.874927266423268
1,ID09,0.909045028330107
1,ID09,0.978588191229107
1,ID09,0.82240882887592
1,ID09,1.01105194131588
1,ID09,0.692960914718669
1,ID09,0.97812593813259
1,ID09,1.0460922462512
1,ID09,0.933043219423249
1,ID09,0.586775451923309
1,ID09,0.521882412595862
1,ID09,0.717788212385393
1,ID10,0.993638323962415
1,ID10,0.776922756841595
1,ID10,0.872861340486152
1,ID10,0.745652300897207
1,ID10,0.699712324815107
1,ID10,0.866081657435786
1,ID10,0.884617240022235
1,ID10,0.948868790550811
1,ID10,1.44636874803172
1,ID10,1.34312988743097
1,ID10,1.31230195842936
1,ID10,1.04087515505684
1,ID10,0.629371855128841
1,ID10,0.945812376992593
1,ID10,1.67276592543883
1,ID10,1.27574594409524
1,ID10,0.92633584317401
1,ID10,0.974015949228742
1,ID10,0.920711357031136
1,ID10,0.606494536782451
1,ID10,0.844276566041297
1,ID10,0.81976021700036
1,ID10,0.615784881663119
1,ID10,1.65933241092296
1,ID10,1.26592131040654
1,ID10,0.754321662933776
1,ID10,0.821964634445464
1,ID10,1.7809387149207
1,ID10,0.918456400873861
1,ID10,0.96791416232665
1,ID10,0.833815447878324
1,ID10,1.0832769541479
1,ID10,0.919393391267142
1,ID10,1.04739966537223
1,ID10,1.58056417459593
1,ID10,1.62736774642631
1,ID10,0.925847705767802
1,ID10,1.2387056522056
1,ID10,0.842339751906105
1,ID10,0.952791537315349
1,ID10,1.68520486228476
1,ID10,1.50643185008584
1,ID10,0.900250967155314
1,ID10,0.893818096350467
1,ID10,0.890088251299474
1,ID10,0.848266548003519
1,ID10,0.693033447979334
1,ID10,0.928564554798599
1,ID10,0.885982053992711
1,ID10,0.784337006785432
1,ID10,1.08481590892282
1,ID10,0.926850093434281
1,ID10,1.09666745728835
1,ID10,0.72748267098379
1,ID10,0.867143763825458
1,ID10,0.974140269676278
1,ID10,1.02145846193184
1,ID10,0.698974949569371
1,ID10,0.807955197189223
1,ID10,1.03770903900079
1,ID10,0.798547903843438
1,ID10,1.01342511804524
1,ID10,0.961817356115648
1,ID10,0.809993045905024
1,ID10,0.882049434794171
1,ID10,0.857962757649921
1,ID10,0.849323462702619
1,ID10,0.934889058356542
1,ID10,0.981292244679887
1,ID10,1.16427580663659
1,ID10,0.937973038664697
1,ID10,0.82125779735074
1,ID10,0.82522114199447
1,ID10,1.07228475013962
1,ID10,1.12246184255907
1,ID10,1.07443168988589
1,ID10,1.85045373731079
1,ID10,1.3597852036105
1,ID10,0.940116108379872
1,ID10,0.762705431219967
1,ID10,0.956745594636918
1,ID10,0.939026849120327
1,ID10,1.54721446984106
1,ID10,1.30098938724691
1,ID10,0.910041166935772
1,ID10,1.25667749263494
1,ID10,0.864243570252911
1,ID10,0.831145358581871
1,ID10,0.898754501578137
1,ID10,0.854586252621095
1,ID10,1.4160602910186
1,ID10,0.661421202159388
1,ID10,0.761093591228873
1,ID10,0.734748379285151
1,ID10,1.21673118234878
1,ID10,1.71051243241292
1,ID10,0.848813312191334
1,ID10,1.8390184449612
1,ID10,0.879393283780552
1,ID10,0.999588028927673
50,ID01,0.632681569959471
50,ID01,0.989481722313877
50,ID01,0.700365532006182
50,ID01,0.616624749576761
50,ID01,0.394649331697147
50,ID01,0.905090817601418
50,ID01,0.573502712188451
50,ID01,0.453867099633965
50,ID01,0.794600082042328
50,ID01,0.904341384750685
50,ID01,0.704723890612607
50,ID01,0.746355763239672
50,ID01,0.821680854173424
50,ID01,0.591663819692624
50,ID01,0.481494117812955
50,ID01,0.675242278147283
50,ID01,0.856224690988106
50,ID01,0.600117713998689
50,ID01,0.588250776296903
50,ID01,0.701200521485884
50,ID01,0.669966683904395
50,ID01,0.64230102466613
50,ID01,0.727347122441717
50,ID01,0.505413110689152
50,ID01,0.96609603063585
50,ID01,0.878016315826845
50,ID01,0.677878731603408
50,ID01,0.492258409243602
50,ID01,0.885369711313164
50,ID01,0.952779317445082
50,ID01,0.836668751214401
50,ID01,0.540385374606323
50,ID01,0.596371760805844
50,ID01,0.730250676472988
50,ID01,0.867092919825057
50,ID01,0.98573002049324
50,ID01,0.743731529694056
50,ID01,0.832807705697224
50,ID01,0.666939672495307
50,ID01,0.605593205485856
50,ID01,0.82717590244834
50,ID01,0.862957589987855
50,ID01,0.929985219870029
50,ID01,0.845742911547748
50,ID01,0.583430987201738
50,ID01,0.633927397930255
50,ID01,0.851877716311698
50,ID01,0.670553610552304
50,ID01,0.680502161771215
50,ID01,0.613702198008773
50,ID01,0.863690394429041
50,ID01,0.644731537622625
50,ID01,0.588093068467552
50,ID01,0.675140539967287
50,ID01,0.989531536768709
50,ID01,0.665104835160774
50,ID01,0.466230104053204
50,ID01,0.873605659580675
50,ID01,1.1740635597272
50,ID01,1.03432138608406
50,ID01,0.963397423510543
50,ID01,0.899725279505077
50,ID01,0.946434187827096
50,ID01,0.580789787150068
50,ID01,0.770769711264119
50,ID01,0.635489716581221
50,ID01,0.630494708019831
50,ID01,0.660198455657293
50,ID01,0.611162285691996
50,ID01,0.734516528731507
50,ID01,0.62695350967397
50,ID01,0.645627211672737
50,ID01,0.631440875036435
50,ID01,0.369891058903931
50,ID01,0.580556059550703
50,ID01,0.713472747638294
50,ID01,0.464928984182001
50,ID01,0.782042155830772
50,ID01,0.524657342545523
50,ID01,0.56131833921677
50,ID01,0.59807184412659
50,ID01,0.61345403340748
50,ID01,0.580598590245493
50,ID01,1.19383983788902
50,ID01,0.714926298963074
50,ID01,0.641636861440481
50,ID01,0.624670523795384
50,ID01,0.686065833124875
50,ID01,0.726719248189152
50,ID01,0.908428173628927
50,ID01,0.922541210412304
50,ID01,0.663155793818883
50,ID01,0.981415465432594
50,ID01,0.694549878930491
50,ID01,0.497717645278156
50,ID01,0.7450453739278
50,ID01,1.04397732302727
50,ID01,0.70611802502741
50,ID01,0.678472513432788
50,ID01,0.833167163897136
50,ID02,0.861566982197045
50,ID02,0.672160357378628
50,ID02,0.622359771364556
50,ID02,0.682425299642059
50,ID02,0.541734988908306
50,ID02,0.936277433588298
50,ID02,0.631965629193459
50,ID02,0.808923149070747
50,ID02,1.03702601298902
50,ID02,0.848704049999487
50,ID02,0.930262517752015
50,ID02,0.594558794673695
50,ID02,0.731320463159217
50,ID02,0.657997869467348
50,ID02,0.416556312623158
50,ID02,0.657302503899101
50,ID02,1.00975762307174
50,ID02,0.942345308848352
50,ID02,0.590348824499936
50,ID02,0.674683623141136
50,ID02,0.414559187279569
50,ID02,0.534864258054071
50,ID02,0.781517362825998
50,ID02,0.675420358478428
50,ID02,0.886123417285717
50,ID02,0.898576237623898
50,ID02,0.660538968868676
50,ID02,0.60733846224185
50,ID02,0.641946127944684
50,ID02,0.89061306705059
50,ID02,0.713473528691681
50,ID02,0.482830191622248
50,ID02,0.765344354232516
50,ID02,0.675646734125716
50,ID02,0.725971613612367
50,ID02,0.714761284539533
50,ID02,0.695934924179117
50,ID02,0.799795003203473
50,ID02,0.716521109427116
50,ID02,1.01857365625372
50,ID02,0.513600763085681
50,ID02,0.699142826058874
50,ID02,0.947574825145487
50,ID02,0.924618323826693
50,ID02,0.583887631882579
50,ID02,0.634321153264188
50,ID02,0.739773086863237
50,ID02,0.987444703085572
50,ID02,0.934875360418669
50,ID02,0.894432012414144
50,ID02,0.969075793934218
50,ID02,0.482885277598963
50,ID02,0.746049187433482
50,ID02,0.666558508486457
50,ID02,0.585660231869237
50,ID02,0.7115254487979
50,ID02,0.51501550482433
50,ID02,0.619126904606041
50,ID02,0.723092595734361
50,ID02,0.542052377748096
50,ID02,0.42454215836252
50,ID02,0.632825822321734
50,ID02,0.650627172803268
50,ID02,0.922339806799987
50,ID02,0.652303526167621
50,ID02,0.984574706789118
50,ID02,0.627933445919556
50,ID02,0.68790754689073
50,ID02,1.00805359825318
50,ID02,0.732462392869247
50,ID02,1.15912466445705
50,ID02,0.897037542354629
50,ID02,0.714546854110603
50,ID02,0.961415165771177
50,ID02,0.604018485051711
50,ID02,0.806624480261352
50,ID02,0.583563702933374
50,ID02,0.802266169994004
50,ID02,0.75678540318061
50,ID02,0.666056455621903
50,ID02,0.479079271512879
50,ID02,0.861934792424753
50,ID02,0.913788998117921
50,ID02,0.493635549616202
50,ID02,0.658648042965471
50,ID02,0.703864256440039
50,ID02,0.474235265079833
50,ID02,0.625888418077521
50,ID02,0.724977719591027
50,ID02,0.834643355646951
50,ID02,0.546142738925188
50,ID02,1.05336297669748
50,ID02,0.510840230562584
50,ID02,0.918785450418966
50,ID02,0.92385026857879
50,ID02,0.72269971818156
50,ID02,0.900648041679126
50,ID02,0.925811301981467
50,ID02,1.03620269077714
50,ID02,0.468297002297416
50,ID03,0.636795361050512
50,ID03,0.687464691835674
50,ID03,0.640274460915144
50,ID03,0.670278880685302
50,ID03,0.803220691149499
50,ID03,0.580613046815409
50,ID03,0.476677364001958
50,ID03,0.473461402765449
50,ID03,0.724252875466079
50,ID03,0.425558370017438
50,ID03,0.425048720708996
50,ID03,0.563351445452627
50,ID03,0.629802669508134
50,ID03,0.604473581185026
50,ID03,0.576730057259111
50,ID03,1.00451939689642
50,ID03,0.632260822391628
50,ID03,0.714095509368565
50,ID03,0.549460851404302
50,ID03,0.687816314309662
50,ID03,0.882858021507666
50,ID03,0.796136107105941
50,ID03,0.93160461662109
50,ID03,0.464116598437736
50,ID03,0.578998882054485
50,ID03,0.765696048844339
50,ID03,0.760577837919464
50,ID03,0.397838930175728
50,ID03,0.687352331672112
50,ID03,0.673379729200173
50,ID03,0.48007425059985
50,ID03,0.860036609479283
50,ID03,0.558935127569391
50,ID03,0.489794680620546
50,ID03,0.689312019834401
50,ID03,0.676260124125402
50,ID03,0.44440037005249
50,ID03,0.634605451043819
50,ID03,0.734091761835789
50,ID03,0.65830935927813
50,ID03,0.937669433347619
50,ID03,0.716945471197795
50,ID03,0.87580654714104
50,ID03,0.517860705440131
50,ID03,0.659160089125494
50,ID03,0.579845713580697
50,ID03,0.760780007145177
50,ID03,0.495927768674238
50,ID03,0.563581211046609
50,ID03,0.596851584441101
50,ID03,0.695404004957124
50,ID03,0.628132242664477
50,ID03,0.253569909606049
50,ID03,0.48730408762469
50,ID03,0.655355450209514
50,ID03,0.734549926988112
50,ID03,0.685662118630548
50,ID03,0.846625728225953
50,ID03,0.433629486325225
50,ID03,0.84596870040628
50,ID03,0.457168058193627
50,ID03,0.616782707977945
50,ID03,0.37792826527321
50,ID03,0.614253861508935
50,ID03,0.544631888120197
50,ID03,0.715610466635086
50,ID03,0.624333947947483
50,ID03,0.662183363946288
50,ID03,0.75092539347442
50,ID03,0.683847472881789
50,ID03,0.858854163391398
50,ID03,0.373558386068641
50,ID03,0.482397175615407
50,ID03,0.640782025886669
50,ID03,0.653558479275384
50,ID03,0.610001612761683
50,ID03,0.700979706286683
50,ID03,0.977492309697792
50,ID03,0.700959057134673
50,ID03,1.01540063956892
50,ID03,0.701449246221811
50,ID03,0.399798631201862
50,ID03,0.449081468397696
50,ID03,0.462943759731897
50,ID03,0.587159547584869
50,ID03,0.798895985180785
50,ID03,0.372160064333914
50,ID03,0.604061502810706
50,ID03,0.659549586789954
50,ID03,0.801614993430866
50,ID03,0.626325312790576
50,ID03,0.542154849105987
50,ID03,0.683697692271538
50,ID03,0.717952309232502
50,ID03,0.723677918165522
50,ID03,0.678423519403948
50,ID03,0.841243630133601
50,ID03,0.755338409478497
50,ID03,0.75866152525794
50,ID03,0.553349433540634
50,ID04,0.655726501645868
50,ID04,0.664188637171287
50,ID04,0.471553106826158
50,ID04,0.747284511423796
50,ID04,0.663746974923011
50,ID04,0.685877846550261
50,ID04,0.692882722232055
50,ID04,0.588392592081499
50,ID04,0.460787883774944
50,ID04,0.652546981756587
50,ID04,0.294089403748363
50,ID04,0.583179092040694
50,ID04,0.648774905090132
50,ID04,0.411398119200183
50,ID04,0.95047607631985
50,ID04,0.665298154379753
50,ID04,0.860340126077609
50,ID04,0.650515473186212
50,ID04,0.604758349196553
50,ID04,0.854644132964887
50,ID04,0.67473772179791
50,ID04,0.87800078593361
50,ID04,0.680658803139696
50,ID04,0.646914935119919
50,ID04,0.531796135775352
50,ID04,0.588765992464238
50,ID04,0.780888508021464
50,ID04,0.584152459517627
50,ID04,0.726474172870423
50,ID04,0.676246913052657
50,ID04,0.751909120679604
50,ID04,0.688783437042716
50,ID04,0.65646323705751
50,ID04,0.605752073187998
50,ID04,0.637278679593149
50,ID04,0.554307306817784
50,ID04,0.634259988029351
50,ID04,0.482295079073267
50,ID04,0.927256990187161
50,ID04,0.55439289541424
50,ID04,0.698174355529668
50,ID04,0.884439882499006
50,ID04,0.724619698448351
50,ID04,0.449051843188082
50,ID04,0.625932980933306
50,ID04,0.695925568829765
50,ID04,0.590670327712479
50,ID04,0.811796455637852
50,ID04,0.705468710756469
50,ID04,0.461985910254534
50,ID04,0.383813644175749
50,ID04,0.604570218972256
50,ID04,0.591575356876992
50,ID04,0.569039135424867
50,ID04,0.957735802149113
50,ID04,0.662838484499291
50,ID04,1.0654346113887
50,ID04,0.645617442332377
50,ID04,0.91665424840835
50,ID04,0.702863922459797
50,ID04,0.693086661875738
50,ID04,0.432569084834917
50,ID04,0.444391428991128
50,ID04,0.505296387517562
50,ID04,0.667604918279436
50,ID04,0.493140407417157
50,ID04,0.825869769350053
50,ID04,1.06773378845863
50,ID04,0.735951057186663
50,ID04,0.377242745291913
50,ID04,0.740787879847931
50,ID04,0.957956498693574
50,ID04,0.709084730104216
50,ID04,0.74916056574492
50,ID04,0.610865914831872
50,ID04,0.630920510866418
50,ID04,0.938804967843234
50,ID04,0.662832067908201
50,ID04,0.449024621874525
50,ID04,0.548812654930857
50,ID04,0.805564318051117
50,ID04,0.76664290023201
50,ID04,0.754577339175339
50,ID04,0.703122036230705
50,ID04,0.619178481334244
50,ID04,0.628461366388148
50,ID04,0.972526829603085
50,ID04,0.553522719069068
50,ID04,0.699207792831143
50,ID04,0.670885818241153
50,ID04,0.615095421953569
50,ID04,0.502627391644945
50,ID04,0.373791592060132
50,ID04,0.653843567485651
50,ID04,0.742998890380713
50,ID04,0.879948390252927
50,ID04,0.518762736165735
50,ID04,0.599753732922723
50,ID04,0.704177678147691
50,ID04,0.736360823848768
50,ID05,0.593857645117824
50,ID05,0.598097902137814
50,ID05,0.876681405858819
50,ID05,0.608202477293954
50,ID05,0.600065146200101
50,ID05,0.581391981697473
50,ID05,0.612661693739975
50,ID05,0.696674079951596
50,ID05,0.558389519433558
50,ID05,0.606312969275154
50,ID05,0.704538047798609
50,ID05,0.624096760603516
50,ID05,0.622187933938878
50,ID05,0.407386331978307
50,ID05,0.579292397708587
50,ID05,0.646117129933432
50,ID05,0.644927454701693
50,ID05,0.545506615021799
50,ID05,0.563556902226989
50,ID05,0.686177405523078
50,ID05,0.557957990621075
50,ID05,0.544156456351249
50,ID05,0.593343962332696
50,ID05,0.591767308315075
50,ID05,0.603837289920335
50,ID05,0.537624889282294
50,ID05,0.614485613896068
50,ID05,0.585559007483902
50,ID05,0.574527697210978
50,ID05,0.554109624865426
50,ID05,0.370101431169408
50,ID05,0.542909380732616
50,ID05,0.698140465044626
50,ID05,0.83251397071478
50,ID05,0.621271046810689
50,ID05,0.628853643660344
50,ID05,0.522165124311501
50,ID05,0.676158676168493
50,ID05,0.827713971614194
50,ID05,0.601852469898962
50,ID05,0.641117626981164
50,ID05,0.656080225745026
50,ID05,0.613431750020706
50,ID05,0.670066751645642
50,ID05,0.570200827805079
50,ID05,0.584813740917396
50,ID05,0.533051911424443
50,ID05,0.457254531029414
50,ID05,0.83456333352693
50,ID05,0.592023425718109
50,ID05,0.693243448809891
50,ID05,0.352183613926658
50,ID05,0.487365621632849
50,ID05,0.453299340307038
50,ID05,0.599625868373119
50,ID05,0.563748397131021
50,ID05,0.837088169283738
50,ID05,0.737782437500831
50,ID05,0.847750853654098
50,ID05,0.576788552767249
50,ID05,0.545407182644563
50,ID05,0.605867709312776
50,ID05,0.639723283260397
50,ID05,0.539635535620635
50,ID05,0.563414258765487
50,ID05,0.585159592805481
50,ID05,0.586516399591884
50,ID05,0.617838001249541
50,ID05,0.590505993876634
50,ID05,0.584168657537488
50,ID05,0.56587476636317
50,ID05,0.710461478548547
50,ID05,0.499076254322477
50,ID05,0.624034425738942
50,ID05,0.526476414509233
50,ID05,0.507122041642673
50,ID05,0.594440656123125
50,ID05,0.540320269020877
50,ID05,0.605848395555775
50,ID05,0.402663268276241
50,ID05,0.536875274519663
50,ID05,0.858865750850486
50,ID05,0.491378321064771
50,ID05,0.607823924363602
50,ID05,0.694952178505814
50,ID05,0.632032921177087
50,ID05,0.835265144321324
50,ID05,0.561085454986906
50,ID05,0.645915362829809
50,ID05,0.631481306993969
50,ID05,0.325034835389417
50,ID05,0.579302780802674
50,ID05,0.588351980885207
50,ID05,0.556844933406397
50,ID05,0.669352585705636
50,ID05,0.557361521187068
50,ID05,0.668401319850963
50,ID05,0.611827173349163
50,ID05,0.632918804805262
50,ID05,0.61502395800483
50,ID06,0.61528456671675
50,ID06,0.81934981349375
50,ID06,0.526683035499375
50,ID06,0.618444775408812
50,ID06,0.791555272412298
50,ID06,0.667169874165643
50,ID06,0.580131242090529
50,ID06,0.620428424995323
50,ID06,0.64155653390457
50,ID06,0.485317481553548
50,ID06,0.875657190942279
50,ID06,0.662666693712188
50,ID06,0.4724518725839
50,ID06,0.546884601042393
50,ID06,0.632743313696625
50,ID06,0.639072240071748
50,ID06,0.58325725029962
50,ID06,0.63880718929118
50,ID06,0.674961973846657
50,ID06,0.549467369374282
50,ID06,0.498636901016895
50,ID06,0.617139940102342
50,ID06,0.8604398490326
50,ID06,0.631506184261839
50,ID06,0.506894174173174
50,ID06,0.667556500905732
50,ID06,0.657613829155576
50,ID06,0.476108924177158
50,ID06,0.607702470670765
50,ID06,0.870518883796917
50,ID06,0.683884423643059
50,ID06,0.900917044011173
50,ID06,0.420345028123627
50,ID06,0.643945239751733
50,ID06,0.62231397132882
50,ID06,0.678836738237414
50,ID06,0.542987549380332
50,ID06,0.618629334514124
50,ID06,0.555872331634096
50,ID06,0.575933969776143
50,ID06,0.583608956790485
50,ID06,0.681170661595208
50,ID06,0.577579616610273
50,ID06,0.575280353028494
50,ID06,0.673826589260636
50,ID06,0.502132701463545
50,ID06,0.703109187081255
50,ID06,0.542587870487091
50,ID06,0.681803757505351
50,ID06,0.766258681533305
50,ID06,0.595619682217634
50,ID06,0.543074055504739
50,ID06,0.612483659058649
50,ID06,0.652073793730546
50,ID06,0.456111144676724
50,ID06,0.600576874870269
50,ID06,0.920094572191011
50,ID06,0.874718081025482
50,ID06,0.574222165883051
50,ID06,0.664646202595327
50,ID06,0.989022759745084
50,ID06,0.521130548819805
50,ID06,0.607343417835987
50,ID06,0.631184522983038
50,ID06,0.552241621700813
50,ID06,0.309487429949922
50,ID06,0.681826163238593
50,ID06,0.569799930498927
50,ID06,0.872161590077494
50,ID06,0.886975453774242
50,ID06,0.551137933011862
50,ID06,0.610685612485021
50,ID06,0.528652132575387
50,ID06,0.495118677061241
50,ID06,0.783723102422736
50,ID06,0.61003222403481
50,ID06,0.744504650687028
50,ID06,0.350491211265667
50,ID06,0.533535833481591
50,ID06,0.614799792858741
50,ID06,0.622239636213375
50,ID06,0.780856370098021
50,ID06,0.6095448398215
50,ID06,0.595376127390998
50,ID06,0.65897109778037
50,ID06,0.611126881643396
50,ID06,0.613704373432863
50,ID06,0.63791087352663
50,ID06,0.674217824209576
50,ID06,0.432376142508712
50,ID06,0.552556214853467
50,ID06,0.318057077034756
50,ID06,0.609160914978335
50,ID06,0.596468730569401
50,ID06,0.850355593827045
50,ID06,0.536518850153335
50,ID06,0.664274216552617
50,ID06,0.482483799384925
50,ID06,0.700108405671141
50,ID06,0.474394168172712
50,ID07,0.635974009960563
50,ID07,0.652524974451216
50,ID07,1.03349594020184
50,ID07,0.745299481302743
50,ID07,0.944046463113885
50,ID07,0.626337557687213
50,ID07,0.653489008813833
50,ID07,0.700648115528953
50,ID07,0.925237435902324
50,ID07,0.949000803048329
50,ID07,0.69202682524415
50,ID07,0.819180303565791
50,ID07,0.665227682629209
50,ID07,0.72652822798168
50,ID07,0.888190407944532
50,ID07,1.098733863373
50,ID07,0.762864301087503
50,ID07,0.901402702478839
50,ID07,0.626771114941417
50,ID07,1.10424552116192
50,ID07,0.852201964285521
50,ID07,0.746869206467752
50,ID07,0.955325268106588
50,ID07,0.639587042866082
50,ID07,0.956168944562238
50,ID07,0.723572179201847
50,ID07,0.958819603975269
50,ID07,0.726307240792969
50,ID07,0.90534860443412
50,ID07,0.743505702932643
50,ID07,0.716427554099552
50,ID07,0.735704913502438
50,ID07,0.541193379878128
50,ID07,1.00264345922205
50,ID07,0.507533350759094
50,ID07,0.893771734936735
50,ID07,0.648685555496254
50,ID07,0.743155840283405
50,ID07,1.04514516394892
50,ID07,1.02494073952664
50,ID07,0.636774660994594
50,ID07,1.06822535194723
50,ID07,0.749904881320943
50,ID07,0.734780696634709
50,ID07,0.419967926796193
50,ID07,0.925752261683987
50,ID07,1.13571149976171
50,ID07,0.690345271284858
50,ID07,0.470765907650497
50,ID07,0.860580261655977
50,ID07,0.743191949805215
50,ID07,0.80818920404206
50,ID07,1.09228515971396
50,ID07,0.5542911214024
50,ID07,0.950034448933716
50,ID07,1.20572010543834
50,ID07,0.854668592864354
50,ID07,0.966490150438259
50,ID07,1.08214429455984
50,ID07,0.866051786331356
50,ID07,0.680525529459061
50,ID07,0.653055637474961
50,ID07,0.630942055358145
50,ID07,0.565525690876186
50,ID07,0.480077972143657
50,ID07,0.972653781562936
50,ID07,0.917101607328187
50,ID07,0.906698502615881
50,ID07,0.89479067550052
50,ID07,0.624500812951023
50,ID07,1.07639026051071
50,ID07,0.730453487882436
50,ID07,0.667075250691535
50,ID07,0.700415852010249
50,ID07,0.893460968654364
50,ID07,1.19058683858071
50,ID07,1.05334275224572
50,ID07,0.691448375573172
50,ID07,0.204548851101066
50,ID07,0.925833202223618
50,ID07,0.937848281940298
50,ID07,0.877311673655893
50,ID07,0.515189069762709
50,ID07,0.898194806404055
50,ID07,0.743088057968389
50,ID07,0.922952713395225
50,ID07,1.23132901140022
50,ID07,0.670633022195847
50,ID07,1.07830907215325
50,ID07,0.908619482137023
50,ID07,0.904809615819139
50,ID07,0.553688513568511
50,ID07,0.550206068507091
50,ID07,0.794512169921891
50,ID07,0.64756392224479
50,ID07,1.04076943796599
50,ID07,0.966768088773229
50,ID07,0.91072262575721
50,ID07,1.08540686006036
50,ID07,1.08946912118958
50,ID08,0.524437362121709
50,ID08,0.258243288243843
50,ID08,0.430005121792181
50,ID08,0.5560775504929
50,ID08,0.404607802451229
50,ID08,0.509613219950435
50,ID08,0.521021342923553
50,ID08,0.431370152992039
50,ID08,0.419823304828647
50,ID08,0.781129817992033
50,ID08,0.26351986289174
50,ID08,0.325509340886625
50,ID08,0.221950617285762
50,ID08,0.480323735580932
50,ID08,0.527317627172396
50,ID08,0.318589352020565
50,ID08,0.21917045488201
50,ID08,0.212206121708254
50,ID08,0.765343651014716
50,ID08,0.477088978603915
50,ID08,0.371428745053973
50,ID08,0.491240453203558
50,ID08,0.443441089805094
50,ID08,0.706632417676194
50,ID08,0.401381580900119
50,ID08,0.47921045999319
50,ID08,0.505766786180778
50,ID08,0.547772354510556
50,ID08,0.39518980527038
50,ID08,0.59268191915453
50,ID08,0.509721576837393
50,ID08,0.313020744340824
50,ID08,0.273970366248361
50,ID08,0.699936459517474
50,ID08,0.301967969218734
50,ID08,0.574079346619889
50,ID08,0.462450196268047
50,ID08,0.467903040768401
50,ID08,0.242629634144146
50,ID08,0.657239155743277
50,ID08,0.234050298103872
50,ID08,0.2854629870588
50,ID08,0.248804158142381
50,ID08,0.347314160069016
50,ID08,0.478979169486902
50,ID08,0.475299063570884
50,ID08,0.269497286437568
50,ID08,0.431457765881466
50,ID08,0.298081849283799
50,ID08,0.52394538052467
50,ID08,0.185923269055772
50,ID08,0.30227362767889
50,ID08,0.3356716892863
50,ID08,0.421205445573956
50,ID08,0.294101235571586
50,ID08,0.449571336981408
50,ID08,0.464685166927765
50,ID08,0.481610198447991
50,ID08,0.462919656220433
50,ID08,0.563728156942815
50,ID08,0.190248669812503
50,ID08,0.374269387493913
50,ID08,0.423170230765215
50,ID08,0.4604194293036
50,ID08,0.695214583387142
50,ID08,0.532287696017389
50,ID08,0.424446327021289
50,ID08,0.947205740253105
50,ID08,0.249232178994839
50,ID08,0.393057672633228
50,ID08,0.299637620985582
50,ID08,0.3479554596927
50,ID08,0.516911875684919
50,ID08,0.342344972139871
50,ID08,0.597211513346713
50,ID08,0.137916818372614
50,ID08,0.474381058381708
50,ID08,0.588652618485705
50,ID08,0.257302074097781
50,ID08,0.456990940927791
50,ID08,0.715817793762398
50,ID08,0.222477730001452
50,ID08,0.195587615256996
50,ID08,0.358192857996339
50,ID08,0.455119325964379
50,ID08,0.41980466724037
50,ID08,0.567334625770335
50,ID08,0.213373747805375
50,ID08,0.218597149203714
50,ID08,0.466937016174268
50,ID08,0.428271192040048
50,ID08,0.502976250938036
50,ID08,0.53396856460378
50,ID08,0.449043009976872
50,ID08,0.362300687800372
50,ID08,0.462655662814058
50,ID08,0.453246261689543
50,ID08,0.289213640826111
50,ID08,0.509173369513326
50,ID08,0.216081153484248
50,ID09,0.594587370226845
50,ID09,0.587205449298352
50,ID09,0.640357348081219
50,ID09,0.706417253203401
50,ID09,0.599783821191416
50,ID09,0.317504610259643
50,ID09,0.477946029509155
50,ID09,0.773166275350472
50,ID09,0.720339930894668
50,ID09,0.469999527555211
50,ID09,0.933841284814502
50,ID09,0.740734216071463
50,ID09,0.291833519552213
50,ID09,0.693010784269298
50,ID09,0.713235867730277
50,ID09,0.576777651321657
50,ID09,0.538405647386251
50,ID09,0.68998704710493
50,ID09,0.928740661938184
50,ID09,0.555819530530537
50,ID09,0.809579131455528
50,ID09,0.460978796332657
50,ID09,0.763556532862087
50,ID09,0.667528109496881
50,ID09,0.804569861167323
50,ID09,0.277380194193669
50,ID09,0.750976890326918
50,ID09,0.882225280401066
50,ID09,0.737283773833291
50,ID09,0.39592651035645
50,ID09,0.853205221236946
50,ID09,0.569090808355053
50,ID09,0.276785759944655
50,ID09,0.551683272750584
50,ID09,0.4717278614643
50,ID09,0.927870345660084
50,ID09,0.485186771643592
50,ID09,0.505344145482054
50,ID09,0.471630605415
50,ID09,0.655646822641128
50,ID09,1.01677769178483
50,ID09,0.609972613875698
50,ID09,0.618648561908983
50,ID09,0.639802947985077
50,ID09,0.628414576090862
50,ID09,0.368917533503662
50,ID09,0.561123092037589
50,ID09,0.619878037456172
50,ID09,0.681630365814085
50,ID09,0.64306085594856
50,ID09,0.456672455005539
50,ID09,0.689703480986475
50,ID09,0.66358580627644
50,ID09,0.711707253898667
50,ID09,0.233899833389703
50,ID09,0.694296928692403
50,ID09,0.636977389095822
50,ID09,0.408283087919219
50,ID09,0.822126017377425
50,ID09,0.537573757949399
50,ID09,0.383143225411193
50,ID09,0.293964147826974
50,ID09,0.695729378997759
50,ID09,0.652672808220386
50,ID09,0.915466045718709
50,ID09,0.756969663180782
50,ID09,0.716590476223672
50,ID09,0.411869192953067
50,ID09,0.641844147905992
50,ID09,0.578510453416928
50,ID09,0.760774408086744
50,ID09,0.707410003679679
50,ID09,0.70221845547762
50,ID09,0.678664791555505
50,ID09,0.743035648041845
50,ID09,0.908503720194896
50,ID09,0.416921946355116
50,ID09,0.689112319324755
50,ID09,0.609411302874281
50,ID09,0.729024339674785
50,ID09,0.684992986278351
50,ID09,0.476407633344714
50,ID09,0.64763981917725
50,ID09,0.622511384876472
50,ID09,0.737789760056975
50,ID09,0.816732247717747
50,ID09,0.869148295160841
50,ID09,0.878189887619668
50,ID09,0.574364849891942
50,ID09,0.761749848186094
50,ID09,0.556386974597261
50,ID09,0.793730517076698
50,ID09,0.663059655554424
50,ID09,0.583556697914446
50,ID09,0.776424311107749
50,ID09,0.724234396200977
50,ID09,1.03091428983201
50,ID09,0.668777593118601
50,ID09,0.922514782644971
50,ID09,0.851762411636189
50,ID10,1.09190405856381
50,ID10,0.646318661116425
50,ID10,1.33340481103406
50,ID10,0.959577455551858
50,ID10,0.666425058978301
50,ID10,0.948964760844881
50,ID10,0.631931078124604
50,ID10,1.16710901781119
50,ID10,1.11017196684282
50,ID10,0.680391259029468
50,ID10,0.670244307005743
50,ID10,0.912583933827537
50,ID10,0.774413603387017
50,ID10,0.652827604700816
50,ID10,0.65842049056905
50,ID10,0.774553399845402
50,ID10,0.96066431533073
50,ID10,1.21024275572903
50,ID10,0.988151891191337
50,ID10,0.503437207783577
50,ID10,0.982308704146931
50,ID10,1.09891611490103
50,ID10,0.837180602693352
50,ID10,0.764549373238618
50,ID10,0.810242016195443
50,ID10,1.09918722528046
50,ID10,0.669991481766307
50,ID10,0.748226790689257
50,ID10,0.567010958000072
50,ID10,0.869083623897674
50,ID10,0.786349526422763
50,ID10,0.947040902088094
50,ID10,0.652819612254118
50,ID10,0.623239863648851
50,ID10,1.1425982510607
50,ID10,0.593941779339406
50,ID10,0.971027226990666
50,ID10,1.00828596055867
50,ID10,0.852110899406622
50,ID10,0.700910507115423
50,ID10,0.900576319318897
50,ID10,0.881391854739582
50,ID10,0.902816108340462
50,ID10,0.744111444592831
50,ID10,0.747123847715261
50,ID10,0.660553913883742
50,ID10,0.749307085047795
50,ID10,0.753549362802285
50,ID10,0.748808961377454
50,ID10,0.995727902528362
50,ID10,0.626996843872922
50,ID10,0.824405581827085
50,ID10,0.921910144186164
50,ID10,0.755619552648092
50,ID10,0.692297779203209
50,ID10,0.927878734130559
50,ID10,0.875202661548
50,ID10,0.850090987758075
50,ID10,0.690245189664379
50,ID10,0.793143284414067
50,ID10,0.689059806792943
50,ID10,0.640317192533204
50,ID10,0.973332202607271
50,ID10,0.903623204715497
50,ID10,1.04768391046594
50,ID10,0.986214672505379
50,ID10,0.727755187298577
50,ID10,0.581366873276216
50,ID10,0.648568560915232
50,ID10,0.849413062689807
50,ID10,0.692565324583488
50,ID10,0.782715897619503
50,ID10,0.659474053077109
50,ID10,0.783346871827125
50,ID10,0.725775377408544
50,ID10,0.901052285571541
50,ID10,0.901842084977365
50,ID10,0.884327151149975
50,ID10,0.846703003842686
50,ID10,0.642325150854185
50,ID10,0.836625242054099
50,ID10,0.722987460301314
50,ID10,0.645306259527496
50,ID10,0.863979852635651
50,ID10,0.668119202421139
50,ID10,0.648089914865256
50,ID10,0.796335704643839
50,ID10,1.00383002471987
50,ID10,0.607831477652789
50,ID10,0.739153033044462
50,ID10,0.499712350018835
50,ID10,0.566268557214779
50,ID10,0.49148063688401
50,ID10,0.716152046102367
50,ID10,0.784450693059814
50,ID10,0.861623251513714
50,ID10,0.88003948666128
50,ID10,0.841015126898271
50,ID10,1.02217113037362
50,ID10,0.827021498178784
