"Gen","ID","Fitness"
"1",1,"i 1",15630
"2",1,"i 2",23960
"3",1,"i 3",21100
"4",1,"i 4",10510
"5",1,"i 5",13960
"6",1,"i 6",23090
"7",1,"i 7",14070
"8",1,"i 8",23320
"9",1,"i 9",14830
"10",1,"i 10",13230
"11",1,"i 1",15630
"12",1,"i 2",23960
"13",1,"i 3",21100
"14",1,"i 4",10510
"15",1,"i 5",13960
"16",1,"i 6",23090
"17",1,"i 7",14070
"18",1,"i 8",23320
"19",1,"i 9",14830
"20",1,"i 10",13230
"21",1,"i 1",15630
"22",1,"i 2",23960
"23",1,"i 3",21100
"24",1,"i 4",10510
"25",1,"i 5",13960
"26",1,"i 6",23090
"27",1,"i 7",14070
"28",1,"i 8",23510
"29",1,"i 9",14830
"30",1,"i 10",13230
"31",1,"i 1",15630
"32",1,"i 2",23960
"33",1,"i 3",21100
"34",1,"i 4",10510
"35",1,"i 5",14580
"36",1,"i 6",23090
"37",1,"i 7",14070
"38",1,"i 8",23510
"39",1,"i 9",14830
"40",1,"i 10",13230
"41",1,"i 1",15630
"42",1,"i 2",23960
"43",1,"i 3",21100
"44",1,"i 4",10510
"45",1,"i 5",14380
"46",1,"i 6",23090
"47",1,"i 7",14070
"48",1,"i 8",23510
"49",1,"i 9",14830
"50",1,"i 10",13230
"51",1,"i 1",15630
"52",1,"i 2",23960
"53",1,"i 3",21100
"54",1,"i 4",10510
"55",1,"i 5",14380
"56",1,"i 6",23090
"57",1,"i 7",14070
"58",1,"i 8",23510
"59",1,"i 9",14830
"60",1,"i 10",13230
"61",1,"i 1",15630
"62",1,"i 2",23960
"63",1,"i 3",21100
"64",1,"i 4",10510
"65",1,"i 5",13960
"66",1,"i 6",23090
"67",1,"i 7",14070
"68",1,"i 8",23510
"69",1,"i 9",14830
"70",1,"i 10",13230
"71",1,"i 1",15630
"72",1,"i 2",23960
"73",1,"i 3",21100
"74",1,"i 4",10510
"75",1,"i 5",14380
"76",1,"i 6",23090
"77",1,"i 7",14070
"78",1,"i 8",23320
"79",1,"i 9",14830
"80",1,"i 10",13230
"81",1,"i 1",15630
"82",1,"i 2",23960
"83",1,"i 3",21100
"84",1,"i 4",10510
"85",1,"i 5",13960
"86",1,"i 6",23090
"87",1,"i 7",14070
"88",1,"i 8",23320
"89",1,"i 9",14830
"90",1,"i 10",13230
"91",1,"i 1",15630
"92",1,"i 2",23960
"93",1,"i 3",21100
"94",1,"i 4",10510
"95",1,"i 5",13960
"96",1,"i 6",23090
"97",1,"i 7",14070
"98",1,"i 8",23510
"99",1,"i 9",14830
"100",1,"i 10",13230
"101",1,"i 1",15630
"102",1,"i 2",23960
"103",1,"i 3",21100
"104",1,"i 4",10510
"105",1,"i 5",14580
"106",1,"i 6",23090
"107",1,"i 7",14070
"108",1,"i 8",23510
"109",1,"i 9",14830
"110",1,"i 10",13230
"111",1,"i 1",15630
"112",1,"i 2",23960
"113",1,"i 3",21100
"114",1,"i 4",10510
"115",1,"i 5",14580
"116",1,"i 6",23090
"117",1,"i 7",14070
"118",1,"i 8",23510
"119",1,"i 9",14830
"120",1,"i 10",13230
"121",1,"i 1",15630
"122",1,"i 2",23960
"123",1,"i 3",21100
"124",1,"i 4",10510
"125",1,"i 5",13960
"126",1,"i 6",23090
"127",1,"i 7",14070
"128",1,"i 8",23320
"129",1,"i 9",14830
"130",1,"i 10",13230
"131",1,"i 1",15630
"132",1,"i 2",23960
"133",1,"i 3",21100
"134",1,"i 4",10510
"135",1,"i 5",14380
"136",1,"i 6",23090
"137",1,"i 7",14070
"138",1,"i 8",23510
"139",1,"i 9",14830
"140",1,"i 10",13230
"141",1,"i 1",15630
"142",1,"i 2",23960
"143",1,"i 3",21100
"144",1,"i 4",10510
"145",1,"i 5",13960
"146",1,"i 6",23090
"147",1,"i 7",14070
"148",1,"i 8",23320
"149",1,"i 9",14830
"150",1,"i 10",13230
"151",1,"i 1",15630
"152",1,"i 2",23960
"153",1,"i 3",21100
"154",1,"i 4",10510
"155",1,"i 5",13960
"156",1,"i 6",23090
"157",1,"i 7",14070
"158",1,"i 8",23320
"159",1,"i 9",14830
"160",1,"i 10",13230
"161",1,"i 1",15630
"162",1,"i 2",23960
"163",1,"i 3",21100
"164",1,"i 4",10510
"165",1,"i 5",13960
"166",1,"i 6",23090
"167",1,"i 7",14070
"168",1,"i 8",23510
"169",1,"i 9",14830
"170",1,"i 10",13230
"171",1,"i 1",15630
"172",1,"i 2",23960
"173",1,"i 3",21100
"174",1,"i 4",10510
"175",1,"i 5",13960
"176",1,"i 6",23090
"177",1,"i 7",14070
"178",1,"i 8",23320
"179",1,"i 9",14830
"180",1,"i 10",13230
"181",1,"i 1",15630
"182",1,"i 2",23960
"183",1,"i 3",21100
"184",1,"i 4",10510
"185",1,"i 5",13960
"186",1,"i 6",23090
"187",1,"i 7",14070
"188",1,"i 8",23320
"189",1,"i 9",14830
"190",1,"i 10",13230
"191",1,"i 1",15630
"192",1,"i 2",23960
"193",1,"i 3",21100
"194",1,"i 4",10510
"195",1,"i 5",13960
"196",1,"i 6",23090
"197",1,"i 7",14070
"198",1,"i 8",23510
"199",1,"i 9",14830
"200",1,"i 10",13230
"201",1,"i 1",15630
"202",1,"i 2",23960
"203",1,"i 3",21100
"204",1,"i 4",10510
"205",1,"i 5",14580
"206",1,"i 6",23090
"207",1,"i 7",14070
"208",1,"i 8",23510
"209",1,"i 9",14830
"210",1,"i 10",13230
"211",1,"i 1",15630
"212",1,"i 2",23960
"213",1,"i 3",21100
"214",1,"i 4",10510
"215",1,"i 5",14380
"216",1,"i 6",23090
"217",1,"i 7",14070
"218",1,"i 8",23510
"219",1,"i 9",14830
"220",1,"i 10",13230
"221",1,"i 1",15630
"222",1,"i 2",23960
"223",1,"i 3",21100
"224",1,"i 4",10510
"225",1,"i 5",14580
"226",1,"i 6",23090
"227",1,"i 7",14070
"228",1,"i 8",23510
"229",1,"i 9",14830
"230",1,"i 10",13230
"231",1,"i 1",15630
"232",1,"i 2",23960
"233",1,"i 3",21100
"234",1,"i 4",10510
"235",1,"i 5",14580
"236",1,"i 6",23090
"237",1,"i 7",14070
"238",1,"i 8",23510
"239",1,"i 9",14830
"240",1,"i 10",13230
"241",1,"i 1",15630
"242",1,"i 2",23960
"243",1,"i 3",21100
"244",1,"i 4",10510
"245",1,"i 5",14580
"246",1,"i 6",23090
"247",1,"i 7",14070
"248",1,"i 8",23510
"249",1,"i 9",14830
"250",1,"i 10",13230
"251",1,"i 1",15630
"252",1,"i 2",23960
"253",1,"i 3",21100
"254",1,"i 4",10510
"255",1,"i 5",13960
"256",1,"i 6",23090
"257",1,"i 7",14070
"258",1,"i 8",23510
"259",1,"i 9",14830
"260",1,"i 10",13230
"261",1,"i 1",15630
"262",1,"i 2",23960
"263",1,"i 3",21100
"264",1,"i 4",10510
"265",1,"i 5",13960
"266",1,"i 6",23090
"267",1,"i 7",14070
"268",1,"i 8",23510
"269",1,"i 9",14830
"270",1,"i 10",13230
"271",1,"i 1",15630
"272",1,"i 2",23960
"273",1,"i 3",21100
"274",1,"i 4",10510
"275",1,"i 5",14580
"276",1,"i 6",23090
"277",1,"i 7",14070
"278",1,"i 8",23510
"279",1,"i 9",14830
"280",1,"i 10",13230
"281",1,"i 1",15630
"282",1,"i 2",23960
"283",1,"i 3",21100
"284",1,"i 4",10510
"285",1,"i 5",13960
"286",1,"i 6",23090
"287",1,"i 7",14070
"288",1,"i 8",23510
"289",1,"i 9",14830
"290",1,"i 10",13230
"291",1,"i 1",15630
"292",1,"i 2",23960
"293",1,"i 3",21100
"294",1,"i 4",10510
"295",1,"i 5",16090
"296",1,"i 6",23090
"297",1,"i 7",14070
"298",1,"i 8",23320
"299",1,"i 9",14830
"300",1,"i 10",13230
"301",1,"i 1",15630
"302",1,"i 2",23960
"303",1,"i 3",21100
"304",1,"i 4",10510
"305",1,"i 5",13960
"306",1,"i 6",23090
"307",1,"i 7",14070
"308",1,"i 8",23510
"309",1,"i 9",14830
"310",1,"i 10",13230
"311",1,"i 1",15630
"312",1,"i 2",23960
"313",1,"i 3",21100
"314",1,"i 4",10510
"315",1,"i 5",13960
"316",1,"i 6",23090
"317",1,"i 7",14070
"318",1,"i 8",23320
"319",1,"i 9",14830
"320",1,"i 10",13230
"321",1,"i 1",15630
"322",1,"i 2",23960
"323",1,"i 3",21100
"324",1,"i 4",10510
"325",1,"i 5",13960
"326",1,"i 6",23090
"327",1,"i 7",14070
"328",1,"i 8",23510
"329",1,"i 9",14830
"330",1,"i 10",13230
"331",1,"i 1",15630
"332",1,"i 2",23960
"333",1,"i 3",21100
"334",1,"i 4",10510
"335",1,"i 5",13960
"336",1,"i 6",23090
"337",1,"i 7",14070
"338",1,"i 8",23510
"339",1,"i 9",14830
"340",1,"i 10",13230
"341",1,"i 1",15630
"342",1,"i 2",23960
"343",1,"i 3",21100
"344",1,"i 4",10510
"345",1,"i 5",14580
"346",1,"i 6",23090
"347",1,"i 7",14070
"348",1,"i 8",23510
"349",1,"i 9",14830
"350",1,"i 10",13230
"351",1,"i 1",15630
"352",1,"i 2",23960
"353",1,"i 3",21100
"354",1,"i 4",10510
"355",1,"i 5",14380
"356",1,"i 6",23090
"357",1,"i 7",14070
"358",1,"i 8",23510
"359",1,"i 9",14830
"360",1,"i 10",13230
"361",1,"i 1",15630
"362",1,"i 2",23960
"363",1,"i 3",21100
"364",1,"i 4",10510
"365",1,"i 5",13960
"366",1,"i 6",23090
"367",1,"i 7",14070
"368",1,"i 8",23510
"369",1,"i 9",14830
"370",1,"i 10",13230
"371",1,"i 1",15630
"372",1,"i 2",23960
"373",1,"i 3",21100
"374",1,"i 4",10510
"375",1,"i 5",13960
"376",1,"i 6",23090
"377",1,"i 7",14070
"378",1,"i 8",23510
"379",1,"i 9",14830
"380",1,"i 10",13230
"381",1,"i 1",15630
"382",1,"i 2",23960
"383",1,"i 3",21100
"384",1,"i 4",10510
"385",1,"i 5",13960
"386",1,"i 6",23090
"387",1,"i 7",14070
"388",1,"i 8",23510
"389",1,"i 9",14830
"390",1,"i 10",13230
"391",1,"i 1",15630
"392",1,"i 2",23960
"393",1,"i 3",21100
"394",1,"i 4",10510
"395",1,"i 5",13960
"396",1,"i 6",23090
"397",1,"i 7",14070
"398",1,"i 8",23510
"399",1,"i 9",14830
"400",1,"i 10",13230
"401",1,"i 1",15630
"402",1,"i 2",23960
"403",1,"i 3",21100
"404",1,"i 4",10510
"405",1,"i 5",13960
"406",1,"i 6",23090
"407",1,"i 7",14070
"408",1,"i 8",23510
"409",1,"i 9",14830
"410",1,"i 10",13230
"411",1,"i 1",15630
"412",1,"i 2",23960
"413",1,"i 3",21100
"414",1,"i 4",10510
"415",1,"i 5",13960
"416",1,"i 6",23090
"417",1,"i 7",14070
"418",1,"i 8",23510
"419",1,"i 9",14830
"420",1,"i 10",13230
"421",1,"i 1",15630
"422",1,"i 2",23960
"423",1,"i 3",21100
"424",1,"i 4",10510
"425",1,"i 5",13960
"426",1,"i 6",23090
"427",1,"i 7",14070
"428",1,"i 8",23320
"429",1,"i 9",14830
"430",1,"i 10",13230
"431",1,"i 1",15630
"432",1,"i 2",23960
"433",1,"i 3",21100
"434",1,"i 4",10510
"435",1,"i 5",14580
"436",1,"i 6",23090
"437",1,"i 7",14070
"438",1,"i 8",23510
"439",1,"i 9",14830
"440",1,"i 10",13230
"441",1,"i 1",15630
"442",1,"i 2",23960
"443",1,"i 3",21100
"444",1,"i 4",10510
"445",1,"i 5",13960
"446",1,"i 6",23090
"447",1,"i 7",14070
"448",1,"i 8",23510
"449",1,"i 9",14830
"450",1,"i 10",13230
"451",1,"i 1",15630
"452",1,"i 2",23960
"453",1,"i 3",21100
"454",1,"i 4",10510
"455",1,"i 5",13960
"456",1,"i 6",23090
"457",1,"i 7",14070
"458",1,"i 8",23510
"459",1,"i 9",14830
"460",1,"i 10",13230
"461",1,"i 1",15630
"462",1,"i 2",23960
"463",1,"i 3",21100
"464",1,"i 4",10510
"465",1,"i 5",13960
"466",1,"i 6",23090
"467",1,"i 7",14070
"468",1,"i 8",23510
"469",1,"i 9",14830
"470",1,"i 10",13230
"471",1,"i 1",15630
"472",1,"i 2",23960
"473",1,"i 3",21100
"474",1,"i 4",10510
"475",1,"i 5",16090
"476",1,"i 6",23090
"477",1,"i 7",14070
"478",1,"i 8",23510
"479",1,"i 9",14830
"480",1,"i 10",13230
"481",1,"i 1",15630
"482",1,"i 2",23960
"483",1,"i 3",21100
"484",1,"i 4",10510
"485",1,"i 5",13960
"486",1,"i 6",23090
"487",1,"i 7",14070
"488",1,"i 8",23510
"489",1,"i 9",14830
"490",1,"i 10",13230
"491",1,"i 1",15630
"492",1,"i 2",23960
"493",1,"i 3",21100
"494",1,"i 4",10510
"495",1,"i 5",14580
"496",1,"i 6",23090
"497",1,"i 7",14070
"498",1,"i 8",23510
"499",1,"i 9",14830
"500",1,"i 10",13230
"501",1,"i 1",15630
"502",1,"i 2",23960
"503",1,"i 3",21100
"504",1,"i 4",10510
"505",1,"i 5",14580
"506",1,"i 6",23090
"507",1,"i 7",14070
"508",1,"i 8",23510
"509",1,"i 9",14830
"510",1,"i 10",13230
"511",1,"i 1",15630
"512",1,"i 2",23960
"513",1,"i 3",21100
"514",1,"i 4",10510
"515",1,"i 5",13960
"516",1,"i 6",23090
"517",1,"i 7",14070
"518",1,"i 8",23510
"519",1,"i 9",14830
"520",1,"i 10",13230
"521",1,"i 1",15630
"522",1,"i 2",23960
"523",1,"i 3",21100
"524",1,"i 4",10510
"525",1,"i 5",13960
"526",1,"i 6",23090
"527",1,"i 7",14070
"528",1,"i 8",23510
"529",1,"i 9",14830
"530",1,"i 10",13230
"531",1,"i 1",15630
"532",1,"i 2",23960
"533",1,"i 3",21100
"534",1,"i 4",10520
"535",1,"i 5",13960
"536",1,"i 6",23090
"537",1,"i 7",14070
"538",1,"i 8",23510
"539",1,"i 9",14830
"540",1,"i 10",13230
"541",1,"i 1",15630
"542",1,"i 2",23960
"543",1,"i 3",21100
"544",1,"i 4",10510
"545",1,"i 5",14580
"546",1,"i 6",23090
"547",1,"i 7",14070
"548",1,"i 8",23510
"549",1,"i 9",14830
"550",1,"i 10",13230
"551",1,"i 1",15630
"552",1,"i 2",23960
"553",1,"i 3",21100
"554",1,"i 4",10510
"555",1,"i 5",13960
"556",1,"i 6",23090
"557",1,"i 7",14070
"558",1,"i 8",23320
"559",1,"i 9",14830
"560",1,"i 10",13230
"561",1,"i 1",15630
"562",1,"i 2",23960
"563",1,"i 3",21100
"564",1,"i 4",10510
"565",1,"i 5",13960
"566",1,"i 6",23090
"567",1,"i 7",14070
"568",1,"i 8",23510
"569",1,"i 9",14830
"570",1,"i 10",13230
"571",1,"i 1",15630
"572",1,"i 2",23960
"573",1,"i 3",21100
"574",1,"i 4",10510
"575",1,"i 5",13960
"576",1,"i 6",23090
"577",1,"i 7",14070
"578",1,"i 8",23510
"579",1,"i 9",14830
"580",1,"i 10",13230
"581",1,"i 1",15630
"582",1,"i 2",23960
"583",1,"i 3",21100
"584",1,"i 4",10510
"585",1,"i 5",13960
"586",1,"i 6",23090
"587",1,"i 7",14070
"588",1,"i 8",23320
"589",1,"i 9",14830
"590",1,"i 10",13230
"591",1,"i 1",15630
"592",1,"i 2",23960
"593",1,"i 3",21100
"594",1,"i 4",10510
"595",1,"i 5",13960
"596",1,"i 6",23090
"597",1,"i 7",14070
"598",1,"i 8",23320
"599",1,"i 9",14830
"600",1,"i 10",13230
"601",1,"i 1",15630
"602",1,"i 2",23960
"603",1,"i 3",21100
"604",1,"i 4",10510
"605",1,"i 5",14580
"606",1,"i 6",23090
"607",1,"i 7",14070
"608",1,"i 8",23510
"609",1,"i 9",14830
"610",1,"i 10",13230
"611",1,"i 1",15630
"612",1,"i 2",23960
"613",1,"i 3",21100
"614",1,"i 4",10510
"615",1,"i 5",13960
"616",1,"i 6",23090
"617",1,"i 7",14070
"618",1,"i 8",23510
"619",1,"i 9",14830
"620",1,"i 10",13230
"621",1,"i 1",15630
"622",1,"i 2",23960
"623",1,"i 3",21100
"624",1,"i 4",10510
"625",1,"i 5",13960
"626",1,"i 6",23090
"627",1,"i 7",14070
"628",1,"i 8",23320
"629",1,"i 9",14830
"630",1,"i 10",13230
"631",1,"i 1",15630
"632",1,"i 2",23960
"633",1,"i 3",21100
"634",1,"i 4",10510
"635",1,"i 5",13960
"636",1,"i 6",23090
"637",1,"i 7",14070
"638",1,"i 8",23320
"639",1,"i 9",14830
"640",1,"i 10",13230
"641",1,"i 1",15630
"642",1,"i 2",23960
"643",1,"i 3",21100
"644",1,"i 4",10510
"645",1,"i 5",14380
"646",1,"i 6",23090
"647",1,"i 7",14070
"648",1,"i 8",23510
"649",1,"i 9",14830
"650",1,"i 10",13230
"651",1,"i 1",15630
"652",1,"i 2",23960
"653",1,"i 3",21100
"654",1,"i 4",10510
"655",1,"i 5",13960
"656",1,"i 6",23090
"657",1,"i 7",14070
"658",1,"i 8",23510
"659",1,"i 9",14830
"660",1,"i 10",13230
"661",1,"i 1",15630
"662",1,"i 2",23960
"663",1,"i 3",21100
"664",1,"i 4",10510
"665",1,"i 5",14380
"666",1,"i 6",23090
"667",1,"i 7",14070
"668",1,"i 8",23320
"669",1,"i 9",14830
"670",1,"i 10",13230
"671",1,"i 1",15630
"672",1,"i 2",23960
"673",1,"i 3",21100
"674",1,"i 4",10510
"675",1,"i 5",14380
"676",1,"i 6",23090
"677",1,"i 7",14070
"678",1,"i 8",23510
"679",1,"i 9",14830
"680",1,"i 10",13230
"681",1,"i 1",15630
"682",1,"i 2",23960
"683",1,"i 3",21100
"684",1,"i 4",10510
"685",1,"i 5",13960
"686",1,"i 6",23090
"687",1,"i 7",14070
"688",1,"i 8",23320
"689",1,"i 9",14830
"690",1,"i 10",13230
"691",1,"i 1",15630
"692",1,"i 2",23960
"693",1,"i 3",21100
"694",1,"i 4",10510
"695",1,"i 5",13960
"696",1,"i 6",23090
"697",1,"i 7",14070
"698",1,"i 8",23510
"699",1,"i 9",14830
"700",1,"i 10",13230
"701",1,"i 1",15630
"702",1,"i 2",23960
"703",1,"i 3",21100
"704",1,"i 4",10510
"705",1,"i 5",13960
"706",1,"i 6",23090
"707",1,"i 7",14070
"708",1,"i 8",23510
"709",1,"i 9",14830
"710",1,"i 10",13230
"711",1,"i 1",15630
"712",1,"i 2",23960
"713",1,"i 3",21100
"714",1,"i 4",10510
"715",1,"i 5",14380
"716",1,"i 6",23090
"717",1,"i 7",14070
"718",1,"i 8",23510
"719",1,"i 9",14830
"720",1,"i 10",13230
"721",1,"i 1",15630
"722",1,"i 2",23960
"723",1,"i 3",21100
"724",1,"i 4",10510
"725",1,"i 5",14580
"726",1,"i 6",23090
"727",1,"i 7",14070
"728",1,"i 8",23320
"729",1,"i 9",14830
"730",1,"i 10",13230
"731",1,"i 1",15630
"732",1,"i 2",23960
"733",1,"i 3",21100
"734",1,"i 4",10510
"735",1,"i 5",13960
"736",1,"i 6",23090
"737",1,"i 7",14070
"738",1,"i 8",23510
"739",1,"i 9",14830
"740",1,"i 10",13230
"741",1,"i 1",15630
"742",1,"i 2",23960
"743",1,"i 3",21100
"744",1,"i 4",10510
"745",1,"i 5",13960
"746",1,"i 6",23090
"747",1,"i 7",14070
"748",1,"i 8",23510
"749",1,"i 9",14830
"750",1,"i 10",13230
"751",1,"i 1",15630
"752",1,"i 2",23960
"753",1,"i 3",21100
"754",1,"i 4",11890
"755",1,"i 5",13960
"756",1,"i 6",23090
"757",1,"i 7",14070
"758",1,"i 8",23510
"759",1,"i 9",14830
"760",1,"i 10",13230
"761",1,"i 1",15630
"762",1,"i 2",23960
"763",1,"i 3",21100
"764",1,"i 4",10510
"765",1,"i 5",13960
"766",1,"i 6",23090
"767",1,"i 7",14070
"768",1,"i 8",23510
"769",1,"i 9",14830
"770",1,"i 10",13230
"771",1,"i 1",15630
"772",1,"i 2",23960
"773",1,"i 3",21100
"774",1,"i 4",10510
"775",1,"i 5",13960
"776",1,"i 6",23090
"777",1,"i 7",14070
"778",1,"i 8",23510
"779",1,"i 9",14830
"780",1,"i 10",13230
"781",1,"i 1",15630
"782",1,"i 2",23960
"783",1,"i 3",21100
"784",1,"i 4",10510
"785",1,"i 5",13960
"786",1,"i 6",23090
"787",1,"i 7",14070
"788",1,"i 8",23510
"789",1,"i 9",14830
"790",1,"i 10",13230
"791",1,"i 1",15630
"792",1,"i 2",23960
"793",1,"i 3",21100
"794",1,"i 4",10510
"795",1,"i 5",13960
"796",1,"i 6",23090
"797",1,"i 7",14070
"798",1,"i 8",23320
"799",1,"i 9",14830
"800",1,"i 10",13230
"801",1,"i 1",15630
"802",1,"i 2",23960
"803",1,"i 3",21100
"804",1,"i 4",10510
"805",1,"i 5",13960
"806",1,"i 6",23090
"807",1,"i 7",14070
"808",1,"i 8",23510
"809",1,"i 9",14830
"810",1,"i 10",13230
"811",1,"i 1",15630
"812",1,"i 2",23960
"813",1,"i 3",21100
"814",1,"i 4",10510
"815",1,"i 5",13960
"816",1,"i 6",23090
"817",1,"i 7",14070
"818",1,"i 8",23320
"819",1,"i 9",14830
"820",1,"i 10",13230
"821",1,"i 1",15630
"822",1,"i 2",23960
"823",1,"i 3",21100
"824",1,"i 4",10510
"825",1,"i 5",14380
"826",1,"i 6",23090
"827",1,"i 7",14070
"828",1,"i 8",23510
"829",1,"i 9",14830
"830",1,"i 10",13230
"831",1,"i 1",15630
"832",1,"i 2",23960
"833",1,"i 3",21100
"834",1,"i 4",10510
"835",1,"i 5",14580
"836",1,"i 6",23090
"837",1,"i 7",14070
"838",1,"i 8",23510
"839",1,"i 9",14830
"840",1,"i 10",13230
"841",1,"i 1",15630
"842",1,"i 2",23960
"843",1,"i 3",21100
"844",1,"i 4",10510
"845",1,"i 5",13960
"846",1,"i 6",23090
"847",1,"i 7",14070
"848",1,"i 8",23510
"849",1,"i 9",14830
"850",1,"i 10",13230
"851",1,"i 1",15630
"852",1,"i 2",23960
"853",1,"i 3",21100
"854",1,"i 4",10510
"855",1,"i 5",13960
"856",1,"i 6",23090
"857",1,"i 7",14070
"858",1,"i 8",23510
"859",1,"i 9",14830
"860",1,"i 10",13230
"861",1,"i 1",15630
"862",1,"i 2",23960
"863",1,"i 3",21100
"864",1,"i 4",10510
"865",1,"i 5",14580
"866",1,"i 6",23090
"867",1,"i 7",14070
"868",1,"i 8",23510
"869",1,"i 9",14830
"870",1,"i 10",13230
"871",1,"i 1",15630
"872",1,"i 2",23960
"873",1,"i 3",21100
"874",1,"i 4",10510
"875",1,"i 5",13960
"876",1,"i 6",23090
"877",1,"i 7",14070
"878",1,"i 8",23320
"879",1,"i 9",14830
"880",1,"i 10",13230
"881",1,"i 1",15630
"882",1,"i 2",23960
"883",1,"i 3",21100
"884",1,"i 4",10510
"885",1,"i 5",13960
"886",1,"i 6",23090
"887",1,"i 7",14070
"888",1,"i 8",23510
"889",1,"i 9",14830
"890",1,"i 10",13230
"891",1,"i 1",15630
"892",1,"i 2",23960
"893",1,"i 3",21100
"894",1,"i 4",10510
"895",1,"i 5",13960
"896",1,"i 6",23090
"897",1,"i 7",14070
"898",1,"i 8",23510
"899",1,"i 9",14830
"900",1,"i 10",13230
"901",1,"i 1",15630
"902",1,"i 2",23960
"903",1,"i 3",21100
"904",1,"i 4",10510
"905",1,"i 5",13960
"906",1,"i 6",23090
"907",1,"i 7",14070
"908",1,"i 8",23320
"909",1,"i 9",14830
"910",1,"i 10",13230
"911",1,"i 1",15630
"912",1,"i 2",23960
"913",1,"i 3",21100
"914",1,"i 4",10510
"915",1,"i 5",13960
"916",1,"i 6",23090
"917",1,"i 7",14070
"918",1,"i 8",23510
"919",1,"i 9",14830
"920",1,"i 10",13230
"921",1,"i 1",15630
"922",1,"i 2",23960
"923",1,"i 3",21100
"924",1,"i 4",10510
"925",1,"i 5",13960
"926",1,"i 6",23090
"927",1,"i 7",14070
"928",1,"i 8",23510
"929",1,"i 9",14830
"930",1,"i 10",13230
"931",1,"i 1",15630
"932",1,"i 2",23960
"933",1,"i 3",21100
"934",1,"i 4",10510
"935",1,"i 5",14580
"936",1,"i 6",23090
"937",1,"i 7",14070
"938",1,"i 8",23320
"939",1,"i 9",14830
"940",1,"i 10",13230
"941",1,"i 1",15630
"942",1,"i 2",23960
"943",1,"i 3",21100
"944",1,"i 4",10510
"945",1,"i 5",14580
"946",1,"i 6",23090
"947",1,"i 7",14070
"948",1,"i 8",23320
"949",1,"i 9",14830
"950",1,"i 10",13230
"951",1,"i 1",15630
"952",1,"i 2",23960
"953",1,"i 3",21100
"954",1,"i 4",10510
"955",1,"i 5",13960
"956",1,"i 6",23090
"957",1,"i 7",14070
"958",1,"i 8",23510
"959",1,"i 9",14830
"960",1,"i 10",13230
"961",1,"i 1",15630
"962",1,"i 2",23960
"963",1,"i 3",21100
"964",1,"i 4",10510
"965",1,"i 5",13960
"966",1,"i 6",23090
"967",1,"i 7",14070
"968",1,"i 8",23320
"969",1,"i 9",14830
"970",1,"i 10",13230
"971",1,"i 1",15630
"972",1,"i 2",23960
"973",1,"i 3",21100
"974",1,"i 4",10510
"975",1,"i 5",14580
"976",1,"i 6",23090
"977",1,"i 7",14070
"978",1,"i 8",23320
"979",1,"i 9",14830
"980",1,"i 10",13230
"981",1,"i 1",15630
"982",1,"i 2",23960
"983",1,"i 3",21100
"984",1,"i 4",10510
"985",1,"i 5",14580
"986",1,"i 6",23090
"987",1,"i 7",14070
"988",1,"i 8",23510
"989",1,"i 9",14830
"990",1,"i 10",13230
"991",1,"i 1",15630
"992",1,"i 2",23960
"993",1,"i 3",21100
"994",1,"i 4",10510
"995",1,"i 5",14380
"996",1,"i 6",23090
"997",1,"i 7",14070
"998",1,"i 8",23510
"999",1,"i 9",14830
"1000",1,"i 10",13230
"1001",25,"i 1",14210
"1002",25,"i 2",10900
"1003",25,"i 3",10250
"1004",25,"i 4",12780
"1005",25,"i 5",10470
"1006",25,"i 6",11240
"1007",25,"i 7",10150
"1008",25,"i 8",8640
"1009",25,"i 9",11410
"1010",25,"i 10",11470
"1011",25,"i 1",14210
"1012",25,"i 2",10900
"1013",25,"i 3",10250
"1014",25,"i 4",12780
"1015",25,"i 5",10110
"1016",25,"i 6",11240
"1017",25,"i 7",10150
"1018",25,"i 8",10210
"1019",25,"i 9",11410
"1020",25,"i 10",11470
"1021",25,"i 1",14210
"1022",25,"i 2",10900
"1023",25,"i 3",9940
"1024",25,"i 4",12780
"1025",25,"i 5",10110
"1026",25,"i 6",11240
"1027",25,"i 7",10150
"1028",25,"i 8",8640
"1029",25,"i 9",11410
"1030",25,"i 10",11470
"1031",25,"i 1",14210
"1032",25,"i 2",10900
"1033",25,"i 3",10250
"1034",25,"i 4",12780
"1035",25,"i 5",10470
"1036",25,"i 6",11180
"1037",25,"i 7",10150
"1038",25,"i 8",8640
"1039",25,"i 9",11410
"1040",25,"i 10",11470
"1041",25,"i 1",14210
"1042",25,"i 2",10900
"1043",25,"i 3",9940
"1044",25,"i 4",12780
"1045",25,"i 5",11110
"1046",25,"i 6",11240
"1047",25,"i 7",10150
"1048",25,"i 8",8640
"1049",25,"i 9",11410
"1050",25,"i 10",11470
"1051",25,"i 1",14210
"1052",25,"i 2",10900
"1053",25,"i 3",9940
"1054",25,"i 4",12780
"1055",25,"i 5",11110
"1056",25,"i 6",11240
"1057",25,"i 7",9700
"1058",25,"i 8",9080
"1059",25,"i 9",11410
"1060",25,"i 10",11470
"1061",25,"i 1",14210
"1062",25,"i 2",10900
"1063",25,"i 3",10250
"1064",25,"i 4",12780
"1065",25,"i 5",11420
"1066",25,"i 6",11240
"1067",25,"i 7",9700
"1068",25,"i 8",8640
"1069",25,"i 9",11410
"1070",25,"i 10",11470
"1071",25,"i 1",14210
"1072",25,"i 2",10900
"1073",25,"i 3",11840
"1074",25,"i 4",12780
"1075",25,"i 5",11040
"1076",25,"i 6",11240
"1077",25,"i 7",10150
"1078",25,"i 8",11610
"1079",25,"i 9",11410
"1080",25,"i 10",11470
"1081",25,"i 1",14210
"1082",25,"i 2",10900
"1083",25,"i 3",9940
"1084",25,"i 4",12780
"1085",25,"i 5",11110
"1086",25,"i 6",11180
"1087",25,"i 7",10150
"1088",25,"i 8",8640
"1089",25,"i 9",11410
"1090",25,"i 10",11470
"1091",25,"i 1",14210
"1092",25,"i 2",10900
"1093",25,"i 3",9940
"1094",25,"i 4",12780
"1095",25,"i 5",11110
"1096",25,"i 6",11240
"1097",25,"i 7",9700
"1098",25,"i 8",8640
"1099",25,"i 9",11410
"1100",25,"i 10",11470
"1101",25,"i 1",14210
"1102",25,"i 2",10900
"1103",25,"i 3",9940
"1104",25,"i 4",12780
"1105",25,"i 5",11110
"1106",25,"i 6",11240
"1107",25,"i 7",10150
"1108",25,"i 8",9410
"1109",25,"i 9",11410
"1110",25,"i 10",11470
"1111",25,"i 1",14210
"1112",25,"i 2",10900
"1113",25,"i 3",9940
"1114",25,"i 4",12780
"1115",25,"i 5",11110
"1116",25,"i 6",11240
"1117",25,"i 7",10150
"1118",25,"i 8",8640
"1119",25,"i 9",11410
"1120",25,"i 10",11470
"1121",25,"i 1",14210
"1122",25,"i 2",10900
"1123",25,"i 3",10250
"1124",25,"i 4",12780
"1125",25,"i 5",11040
"1126",25,"i 6",11240
"1127",25,"i 7",10150
"1128",25,"i 8",8640
"1129",25,"i 9",11410
"1130",25,"i 10",11470
"1131",25,"i 1",14210
"1132",25,"i 2",10900
"1133",25,"i 3",11840
"1134",25,"i 4",12780
"1135",25,"i 5",11040
"1136",25,"i 6",11240
"1137",25,"i 7",10150
"1138",25,"i 8",8640
"1139",25,"i 9",11410
"1140",25,"i 10",11470
"1141",25,"i 1",14210
"1142",25,"i 2",10900
"1143",25,"i 3",9940
"1144",25,"i 4",12780
"1145",25,"i 5",10110
"1146",25,"i 6",11240
"1147",25,"i 7",9700
"1148",25,"i 8",8640
"1149",25,"i 9",11410
"1150",25,"i 10",11470
"1151",25,"i 1",14210
"1152",25,"i 2",10900
"1153",25,"i 3",11840
"1154",25,"i 4",12780
"1155",25,"i 5",11040
"1156",25,"i 6",11240
"1157",25,"i 7",10150
"1158",25,"i 8",8640
"1159",25,"i 9",11410
"1160",25,"i 10",11470
"1161",25,"i 1",14210
"1162",25,"i 2",10900
"1163",25,"i 3",10250
"1164",25,"i 4",12780
"1165",25,"i 5",11420
"1166",25,"i 6",11240
"1167",25,"i 7",10150
"1168",25,"i 8",8640
"1169",25,"i 9",11410
"1170",25,"i 10",11470
"1171",25,"i 1",14210
"1172",25,"i 2",10900
"1173",25,"i 3",10250
"1174",25,"i 4",12780
"1175",25,"i 5",11110
"1176",25,"i 6",11240
"1177",25,"i 7",10150
"1178",25,"i 8",8640
"1179",25,"i 9",11410
"1180",25,"i 10",11470
"1181",25,"i 1",14210
"1182",25,"i 2",10900
"1183",25,"i 3",11840
"1184",25,"i 4",12780
"1185",25,"i 5",11110
"1186",25,"i 6",11240
"1187",25,"i 7",9700
"1188",25,"i 8",9830
"1189",25,"i 9",11410
"1190",25,"i 10",11470
"1191",25,"i 1",14210
"1192",25,"i 2",10900
"1193",25,"i 3",9940
"1194",25,"i 4",12780
"1195",25,"i 5",11040
"1196",25,"i 6",11240
"1197",25,"i 7",10150
"1198",25,"i 8",8640
"1199",25,"i 9",11410
"1200",25,"i 10",11470
"1201",25,"i 1",14210
"1202",25,"i 2",10900
"1203",25,"i 3",10250
"1204",25,"i 4",12780
"1205",25,"i 5",11110
"1206",25,"i 6",11240
"1207",25,"i 7",9700
"1208",25,"i 8",8640
"1209",25,"i 9",11410
"1210",25,"i 10",11470
"1211",25,"i 1",14210
"1212",25,"i 2",10900
"1213",25,"i 3",11840
"1214",25,"i 4",12780
"1215",25,"i 5",10470
"1216",25,"i 6",11240
"1217",25,"i 7",10150
"1218",25,"i 8",8640
"1219",25,"i 9",11410
"1220",25,"i 10",11470
"1221",25,"i 1",14210
"1222",25,"i 2",10900
"1223",25,"i 3",10250
"1224",25,"i 4",12780
"1225",25,"i 5",11040
"1226",25,"i 6",11240
"1227",25,"i 7",10150
"1228",25,"i 8",8640
"1229",25,"i 9",11410
"1230",25,"i 10",11470
"1231",25,"i 1",14210
"1232",25,"i 2",10900
"1233",25,"i 3",11840
"1234",25,"i 4",12780
"1235",25,"i 5",11040
"1236",25,"i 6",11180
"1237",25,"i 7",10150
"1238",25,"i 8",8640
"1239",25,"i 9",11410
"1240",25,"i 10",11470
"1241",25,"i 1",14210
"1242",25,"i 2",10900
"1243",25,"i 3",11840
"1244",25,"i 4",12780
"1245",25,"i 5",10470
"1246",25,"i 6",11240
"1247",25,"i 7",10150
"1248",25,"i 8",8640
"1249",25,"i 9",11410
"1250",25,"i 10",11470
"1251",25,"i 1",14210
"1252",25,"i 2",10900
"1253",25,"i 3",10250
"1254",25,"i 4",12780
"1255",25,"i 5",11040
"1256",25,"i 6",11240
"1257",25,"i 7",9700
"1258",25,"i 8",8640
"1259",25,"i 9",11410
"1260",25,"i 10",11470
"1261",25,"i 1",14210
"1262",25,"i 2",10900
"1263",25,"i 3",10250
"1264",25,"i 4",12780
"1265",25,"i 5",11110
"1266",25,"i 6",11240
"1267",25,"i 7",9700
"1268",25,"i 8",8640
"1269",25,"i 9",11410
"1270",25,"i 10",11470
"1271",25,"i 1",14210
"1272",25,"i 2",10900
"1273",25,"i 3",9940
"1274",25,"i 4",12780
"1275",25,"i 5",11420
"1276",25,"i 6",11240
"1277",25,"i 7",9700
"1278",25,"i 8",8640
"1279",25,"i 9",11410
"1280",25,"i 10",11470
"1281",25,"i 1",14210
"1282",25,"i 2",10900
"1283",25,"i 3",11840
"1284",25,"i 4",12780
"1285",25,"i 5",11040
"1286",25,"i 6",11180
"1287",25,"i 7",10150
"1288",25,"i 8",8640
"1289",25,"i 9",11410
"1290",25,"i 10",11470
"1291",25,"i 1",14210
"1292",25,"i 2",10900
"1293",25,"i 3",10250
"1294",25,"i 4",12780
"1295",25,"i 5",11110
"1296",25,"i 6",11240
"1297",25,"i 7",10150
"1298",25,"i 8",8640
"1299",25,"i 9",11410
"1300",25,"i 10",11470
"1301",25,"i 1",14210
"1302",25,"i 2",10900
"1303",25,"i 3",10250
"1304",25,"i 4",12780
"1305",25,"i 5",11040
"1306",25,"i 6",11240
"1307",25,"i 7",9700
"1308",25,"i 8",8640
"1309",25,"i 9",11410
"1310",25,"i 10",11470
"1311",25,"i 1",14210
"1312",25,"i 2",10900
"1313",25,"i 3",9940
"1314",25,"i 4",12780
"1315",25,"i 5",11110
"1316",25,"i 6",11240
"1317",25,"i 7",10150
"1318",25,"i 8",11630
"1319",25,"i 9",11410
"1320",25,"i 10",11470
"1321",25,"i 1",14210
"1322",25,"i 2",10900
"1323",25,"i 3",9940
"1324",25,"i 4",12780
"1325",25,"i 5",11110
"1326",25,"i 6",11180
"1327",25,"i 7",9700
"1328",25,"i 8",8640
"1329",25,"i 9",11410
"1330",25,"i 10",11470
"1331",25,"i 1",14210
"1332",25,"i 2",10900
"1333",25,"i 3",11840
"1334",25,"i 4",12780
"1335",25,"i 5",11040
"1336",25,"i 6",11180
"1337",25,"i 7",10150
"1338",25,"i 8",8640
"1339",25,"i 9",11410
"1340",25,"i 10",11470
"1341",25,"i 1",14210
"1342",25,"i 2",10900
"1343",25,"i 3",10250
"1344",25,"i 4",12780
"1345",25,"i 5",11040
"1346",25,"i 6",11240
"1347",25,"i 7",10150
"1348",25,"i 8",9120
"1349",25,"i 9",11410
"1350",25,"i 10",11470
"1351",25,"i 1",14210
"1352",25,"i 2",10900
"1353",25,"i 3",10250
"1354",25,"i 4",12780
"1355",25,"i 5",11110
"1356",25,"i 6",11240
"1357",25,"i 7",9700
"1358",25,"i 8",8640
"1359",25,"i 9",11410
"1360",25,"i 10",11470
"1361",25,"i 1",14210
"1362",25,"i 2",10900
"1363",25,"i 3",9940
"1364",25,"i 4",12780
"1365",25,"i 5",11110
"1366",25,"i 6",11240
"1367",25,"i 7",9700
"1368",25,"i 8",8640
"1369",25,"i 9",11410
"1370",25,"i 10",11470
"1371",25,"i 1",14210
"1372",25,"i 2",10900
"1373",25,"i 3",9940
"1374",25,"i 4",12780
"1375",25,"i 5",10110
"1376",25,"i 6",11240
"1377",25,"i 7",9700
"1378",25,"i 8",8640
"1379",25,"i 9",11410
"1380",25,"i 10",11470
"1381",25,"i 1",14210
"1382",25,"i 2",10900
"1383",25,"i 3",9940
"1384",25,"i 4",12780
"1385",25,"i 5",11110
"1386",25,"i 6",11240
"1387",25,"i 7",9700
"1388",25,"i 8",9880
"1389",25,"i 9",11410
"1390",25,"i 10",11470
"1391",25,"i 1",14210
"1392",25,"i 2",10900
"1393",25,"i 3",10250
"1394",25,"i 4",12780
"1395",25,"i 5",11110
"1396",25,"i 6",11240
"1397",25,"i 7",9700
"1398",25,"i 8",8640
"1399",25,"i 9",11410
"1400",25,"i 10",11470
"1401",25,"i 1",14210
"1402",25,"i 2",10900
"1403",25,"i 3",9940
"1404",25,"i 4",12780
"1405",25,"i 5",11040
"1406",25,"i 6",11240
"1407",25,"i 7",10150
"1408",25,"i 8",8640
"1409",25,"i 9",11410
"1410",25,"i 10",11470
"1411",25,"i 1",14210
"1412",25,"i 2",10900
"1413",25,"i 3",11840
"1414",25,"i 4",12780
"1415",25,"i 5",10470
"1416",25,"i 6",11240
"1417",25,"i 7",10150
"1418",25,"i 8",8640
"1419",25,"i 9",11410
"1420",25,"i 10",11470
"1421",25,"i 1",14210
"1422",25,"i 2",10900
"1423",25,"i 3",9940
"1424",25,"i 4",12780
"1425",25,"i 5",11420
"1426",25,"i 6",11180
"1427",25,"i 7",9700
"1428",25,"i 8",8640
"1429",25,"i 9",11410
"1430",25,"i 10",11470
"1431",25,"i 1",14210
"1432",25,"i 2",10900
"1433",25,"i 3",9940
"1434",25,"i 4",12780
"1435",25,"i 5",11110
"1436",25,"i 6",11240
"1437",25,"i 7",9700
"1438",25,"i 8",8640
"1439",25,"i 9",11410
"1440",25,"i 10",11470
"1441",25,"i 1",14210
"1442",25,"i 2",10900
"1443",25,"i 3",11840
"1444",25,"i 4",12780
"1445",25,"i 5",10110
"1446",25,"i 6",11240
"1447",25,"i 7",9700
"1448",25,"i 8",8640
"1449",25,"i 9",11410
"1450",25,"i 10",11470
"1451",25,"i 1",14210
"1452",25,"i 2",10900
"1453",25,"i 3",9940
"1454",25,"i 4",12780
"1455",25,"i 5",11040
"1456",25,"i 6",11240
"1457",25,"i 7",10150
"1458",25,"i 8",8640
"1459",25,"i 9",11410
"1460",25,"i 10",11470
"1461",25,"i 1",14210
"1462",25,"i 2",10900
"1463",25,"i 3",11840
"1464",25,"i 4",12780
"1465",25,"i 5",11110
"1466",25,"i 6",11180
"1467",25,"i 7",9700
"1468",25,"i 8",8640
"1469",25,"i 9",11410
"1470",25,"i 10",11470
"1471",25,"i 1",14210
"1472",25,"i 2",10900
"1473",25,"i 3",10250
"1474",25,"i 4",12780
"1475",25,"i 5",11110
"1476",25,"i 6",11240
"1477",25,"i 7",10150
"1478",25,"i 8",8640
"1479",25,"i 9",11410
"1480",25,"i 10",11470
"1481",25,"i 1",14210
"1482",25,"i 2",10900
"1483",25,"i 3",11840
"1484",25,"i 4",12780
"1485",25,"i 5",11110
"1486",25,"i 6",11240
"1487",25,"i 7",10150
"1488",25,"i 8",8640
"1489",25,"i 9",11410
"1490",25,"i 10",11470
"1491",25,"i 1",14210
"1492",25,"i 2",10900
"1493",25,"i 3",11840
"1494",25,"i 4",12780
"1495",25,"i 5",11420
"1496",25,"i 6",11240
"1497",25,"i 7",10150
"1498",25,"i 8",11130
"1499",25,"i 9",11410
"1500",25,"i 10",11470
"1501",25,"i 1",14210
"1502",25,"i 2",10900
"1503",25,"i 3",10250
"1504",25,"i 4",12780
"1505",25,"i 5",10110
"1506",25,"i 6",11180
"1507",25,"i 7",9700
"1508",25,"i 8",8640
"1509",25,"i 9",11410
"1510",25,"i 10",11470
"1511",25,"i 1",14210
"1512",25,"i 2",10900
"1513",25,"i 3",9940
"1514",25,"i 4",12780
"1515",25,"i 5",10110
"1516",25,"i 6",11240
"1517",25,"i 7",10150
"1518",25,"i 8",8850
"1519",25,"i 9",11410
"1520",25,"i 10",11470
"1521",25,"i 1",14210
"1522",25,"i 2",10900
"1523",25,"i 3",11840
"1524",25,"i 4",12780
"1525",25,"i 5",11110
"1526",25,"i 6",11240
"1527",25,"i 7",10150
"1528",25,"i 8",8640
"1529",25,"i 9",11410
"1530",25,"i 10",11470
"1531",25,"i 1",14210
"1532",25,"i 2",10900
"1533",25,"i 3",9940
"1534",25,"i 4",12780
"1535",25,"i 5",11040
"1536",25,"i 6",11240
"1537",25,"i 7",9700
"1538",25,"i 8",8640
"1539",25,"i 9",11410
"1540",25,"i 10",11470
"1541",25,"i 1",14210
"1542",25,"i 2",10900
"1543",25,"i 3",9940
"1544",25,"i 4",12780
"1545",25,"i 5",10110
"1546",25,"i 6",11240
"1547",25,"i 7",9700
"1548",25,"i 8",8640
"1549",25,"i 9",11410
"1550",25,"i 10",11470
"1551",25,"i 1",14210
"1552",25,"i 2",10900
"1553",25,"i 3",9940
"1554",25,"i 4",12780
"1555",25,"i 5",11110
"1556",25,"i 6",11240
"1557",25,"i 7",10150
"1558",25,"i 8",10110
"1559",25,"i 9",11410
"1560",25,"i 10",11470
"1561",25,"i 1",14210
"1562",25,"i 2",10900
"1563",25,"i 3",9940
"1564",25,"i 4",12780
"1565",25,"i 5",11110
"1566",25,"i 6",11240
"1567",25,"i 7",9700
"1568",25,"i 8",8640
"1569",25,"i 9",11410
"1570",25,"i 10",11470
"1571",25,"i 1",14210
"1572",25,"i 2",10900
"1573",25,"i 3",9940
"1574",25,"i 4",12780
"1575",25,"i 5",11420
"1576",25,"i 6",11240
"1577",25,"i 7",9700
"1578",25,"i 8",8640
"1579",25,"i 9",11410
"1580",25,"i 10",11470
"1581",25,"i 1",14210
"1582",25,"i 2",10900
"1583",25,"i 3",11840
"1584",25,"i 4",12780
"1585",25,"i 5",11420
"1586",25,"i 6",11180
"1587",25,"i 7",9700
"1588",25,"i 8",8640
"1589",25,"i 9",11410
"1590",25,"i 10",11470
"1591",25,"i 1",14210
"1592",25,"i 2",10900
"1593",25,"i 3",10250
"1594",25,"i 4",12780
"1595",25,"i 5",10470
"1596",25,"i 6",11240
"1597",25,"i 7",10150
"1598",25,"i 8",8640
"1599",25,"i 9",11410
"1600",25,"i 10",11470
"1601",25,"i 1",14210
"1602",25,"i 2",10900
"1603",25,"i 3",11840
"1604",25,"i 4",12780
"1605",25,"i 5",10470
"1606",25,"i 6",11180
"1607",25,"i 7",10150
"1608",25,"i 8",8640
"1609",25,"i 9",11410
"1610",25,"i 10",11470
"1611",25,"i 1",14210
"1612",25,"i 2",10900
"1613",25,"i 3",9940
"1614",25,"i 4",12780
"1615",25,"i 5",11110
"1616",25,"i 6",11180
"1617",25,"i 7",10150
"1618",25,"i 8",8640
"1619",25,"i 9",11410
"1620",25,"i 10",11470
"1621",25,"i 1",14210
"1622",25,"i 2",10900
"1623",25,"i 3",9940
"1624",25,"i 4",12780
"1625",25,"i 5",10110
"1626",25,"i 6",11180
"1627",25,"i 7",10150
"1628",25,"i 8",8640
"1629",25,"i 9",11410
"1630",25,"i 10",11470
"1631",25,"i 1",14210
"1632",25,"i 2",10900
"1633",25,"i 3",9940
"1634",25,"i 4",12780
"1635",25,"i 5",10470
"1636",25,"i 6",11180
"1637",25,"i 7",10150
"1638",25,"i 8",8640
"1639",25,"i 9",11410
"1640",25,"i 10",11470
"1641",25,"i 1",14210
"1642",25,"i 2",10900
"1643",25,"i 3",9940
"1644",25,"i 4",12780
"1645",25,"i 5",10110
"1646",25,"i 6",11240
"1647",25,"i 7",10150
"1648",25,"i 8",8640
"1649",25,"i 9",11410
"1650",25,"i 10",11470
"1651",25,"i 1",14210
"1652",25,"i 2",10900
"1653",25,"i 3",9940
"1654",25,"i 4",12780
"1655",25,"i 5",11110
"1656",25,"i 6",11240
"1657",25,"i 7",10150
"1658",25,"i 8",9070
"1659",25,"i 9",11410
"1660",25,"i 10",11470
"1661",25,"i 1",14210
"1662",25,"i 2",10900
"1663",25,"i 3",10250
"1664",25,"i 4",12780
"1665",25,"i 5",10470
"1666",25,"i 6",11240
"1667",25,"i 7",9700
"1668",25,"i 8",8640
"1669",25,"i 9",11410
"1670",25,"i 10",11470
"1671",25,"i 1",14210
"1672",25,"i 2",10900
"1673",25,"i 3",9940
"1674",25,"i 4",12780
"1675",25,"i 5",11040
"1676",25,"i 6",11240
"1677",25,"i 7",10150
"1678",25,"i 8",9420
"1679",25,"i 9",11410
"1680",25,"i 10",11470
"1681",25,"i 1",14210
"1682",25,"i 2",10900
"1683",25,"i 3",11600
"1684",25,"i 4",12780
"1685",25,"i 5",10470
"1686",25,"i 6",11180
"1687",25,"i 7",9700
"1688",25,"i 8",8640
"1689",25,"i 9",11410
"1690",25,"i 10",11470
"1691",25,"i 1",14210
"1692",25,"i 2",10900
"1693",25,"i 3",9940
"1694",25,"i 4",12780
"1695",25,"i 5",11040
"1696",25,"i 6",11240
"1697",25,"i 7",9700
"1698",25,"i 8",14000
"1699",25,"i 9",11410
"1700",25,"i 10",11470
"1701",25,"i 1",14210
"1702",25,"i 2",10900
"1703",25,"i 3",10250
"1704",25,"i 4",12780
"1705",25,"i 5",11110
"1706",25,"i 6",11180
"1707",25,"i 7",10150
"1708",25,"i 8",8640
"1709",25,"i 9",11410
"1710",25,"i 10",11470
"1711",25,"i 1",14210
"1712",25,"i 2",10900
"1713",25,"i 3",11840
"1714",25,"i 4",12780
"1715",25,"i 5",11110
"1716",25,"i 6",11240
"1717",25,"i 7",10150
"1718",25,"i 8",8640
"1719",25,"i 9",11410
"1720",25,"i 10",11470
"1721",25,"i 1",14210
"1722",25,"i 2",10900
"1723",25,"i 3",11840
"1724",25,"i 4",12780
"1725",25,"i 5",11110
"1726",25,"i 6",11180
"1727",25,"i 7",9700
"1728",25,"i 8",8640
"1729",25,"i 9",11410
"1730",25,"i 10",11470
"1731",25,"i 1",14210
"1732",25,"i 2",11260
"1733",25,"i 3",10330
"1734",25,"i 4",12780
"1735",25,"i 5",11040
"1736",25,"i 6",11240
"1737",25,"i 7",10150
"1738",25,"i 8",8640
"1739",25,"i 9",11410
"1740",25,"i 10",11470
"1741",25,"i 1",14210
"1742",25,"i 2",10900
"1743",25,"i 3",10250
"1744",25,"i 4",12780
"1745",25,"i 5",11420
"1746",25,"i 6",11240
"1747",25,"i 7",10150
"1748",25,"i 8",8640
"1749",25,"i 9",11410
"1750",25,"i 10",11470
"1751",25,"i 1",14210
"1752",25,"i 2",10900
"1753",25,"i 3",10250
"1754",25,"i 4",12780
"1755",25,"i 5",11040
"1756",25,"i 6",11240
"1757",25,"i 7",9700
"1758",25,"i 8",8640
"1759",25,"i 9",11410
"1760",25,"i 10",11470
"1761",25,"i 1",14210
"1762",25,"i 2",10900
"1763",25,"i 3",9940
"1764",25,"i 4",12780
"1765",25,"i 5",11420
"1766",25,"i 6",11240
"1767",25,"i 7",10150
"1768",25,"i 8",8640
"1769",25,"i 9",11410
"1770",25,"i 10",11470
"1771",25,"i 1",14210
"1772",25,"i 2",10900
"1773",25,"i 3",9940
"1774",25,"i 4",12780
"1775",25,"i 5",11110
"1776",25,"i 6",11240
"1777",25,"i 7",9700
"1778",25,"i 8",8640
"1779",25,"i 9",11410
"1780",25,"i 10",11470
"1781",25,"i 1",14210
"1782",25,"i 2",10900
"1783",25,"i 3",9940
"1784",25,"i 4",12780
"1785",25,"i 5",11040
"1786",25,"i 6",11240
"1787",25,"i 7",10150
"1788",25,"i 8",8640
"1789",25,"i 9",11410
"1790",25,"i 10",11470
"1791",25,"i 1",14210
"1792",25,"i 2",10900
"1793",25,"i 3",9940
"1794",25,"i 4",12780
"1795",25,"i 5",11110
"1796",25,"i 6",11240
"1797",25,"i 7",10150
"1798",25,"i 8",8640
"1799",25,"i 9",11410
"1800",25,"i 10",11470
"1801",25,"i 1",14210
"1802",25,"i 2",10900
"1803",25,"i 3",11840
"1804",25,"i 4",12780
"1805",25,"i 5",11420
"1806",25,"i 6",11240
"1807",25,"i 7",9700
"1808",25,"i 8",8640
"1809",25,"i 9",11410
"1810",25,"i 10",11470
"1811",25,"i 1",14210
"1812",25,"i 2",10900
"1813",25,"i 3",9940
"1814",25,"i 4",12780
"1815",25,"i 5",10470
"1816",25,"i 6",11180
"1817",25,"i 7",10150
"1818",25,"i 8",8640
"1819",25,"i 9",11410
"1820",25,"i 10",11470
"1821",25,"i 1",14210
"1822",25,"i 2",10900
"1823",25,"i 3",9940
"1824",25,"i 4",12780
"1825",25,"i 5",10110
"1826",25,"i 6",11180
"1827",25,"i 7",9700
"1828",25,"i 8",8640
"1829",25,"i 9",11410
"1830",25,"i 10",11470
"1831",25,"i 1",14210
"1832",25,"i 2",10900
"1833",25,"i 3",9940
"1834",25,"i 4",12780
"1835",25,"i 5",11040
"1836",25,"i 6",11180
"1837",25,"i 7",9700
"1838",25,"i 8",8640
"1839",25,"i 9",11410
"1840",25,"i 10",11470
"1841",25,"i 1",14210
"1842",25,"i 2",10900
"1843",25,"i 3",9940
"1844",25,"i 4",12780
"1845",25,"i 5",10470
"1846",25,"i 6",11240
"1847",25,"i 7",9700
"1848",25,"i 8",8640
"1849",25,"i 9",11410
"1850",25,"i 10",11470
"1851",25,"i 1",14210
"1852",25,"i 2",10900
"1853",25,"i 3",9940
"1854",25,"i 4",12780
"1855",25,"i 5",11420
"1856",25,"i 6",11240
"1857",25,"i 7",9700
"1858",25,"i 8",8640
"1859",25,"i 9",11410
"1860",25,"i 10",11470
"1861",25,"i 1",14210
"1862",25,"i 2",10900
"1863",25,"i 3",10250
"1864",25,"i 4",12780
"1865",25,"i 5",11110
"1866",25,"i 6",11240
"1867",25,"i 7",10150
"1868",25,"i 8",8700
"1869",25,"i 9",11410
"1870",25,"i 10",11470
"1871",25,"i 1",14210
"1872",25,"i 2",10900
"1873",25,"i 3",10250
"1874",25,"i 4",12780
"1875",25,"i 5",10470
"1876",25,"i 6",11240
"1877",25,"i 7",10150
"1878",25,"i 8",8640
"1879",25,"i 9",11410
"1880",25,"i 10",11470
"1881",25,"i 1",14210
"1882",25,"i 2",10900
"1883",25,"i 3",10250
"1884",25,"i 4",12780
"1885",25,"i 5",11110
"1886",25,"i 6",11240
"1887",25,"i 7",9700
"1888",25,"i 8",8640
"1889",25,"i 9",11410
"1890",25,"i 10",11470
"1891",25,"i 1",14210
"1892",25,"i 2",10900
"1893",25,"i 3",10250
"1894",25,"i 4",12780
"1895",25,"i 5",11420
"1896",25,"i 6",11240
"1897",25,"i 7",10150
"1898",25,"i 8",8640
"1899",25,"i 9",11410
"1900",25,"i 10",11470
"1901",25,"i 1",14210
"1902",25,"i 2",10900
"1903",25,"i 3",10250
"1904",25,"i 4",12780
"1905",25,"i 5",10470
"1906",25,"i 6",11180
"1907",25,"i 7",10150
"1908",25,"i 8",8640
"1909",25,"i 9",11410
"1910",25,"i 10",11470
"1911",25,"i 1",14210
"1912",25,"i 2",10900
"1913",25,"i 3",11840
"1914",25,"i 4",12780
"1915",25,"i 5",10110
"1916",25,"i 6",11240
"1917",25,"i 7",9700
"1918",25,"i 8",8640
"1919",25,"i 9",11410
"1920",25,"i 10",11470
"1921",25,"i 1",14210
"1922",25,"i 2",10900
"1923",25,"i 3",10250
"1924",25,"i 4",12780
"1925",25,"i 5",10470
"1926",25,"i 6",11240
"1927",25,"i 7",9700
"1928",25,"i 8",8640
"1929",25,"i 9",11410
"1930",25,"i 10",11470
"1931",25,"i 1",14210
"1932",25,"i 2",10900
"1933",25,"i 3",9940
"1934",25,"i 4",12780
"1935",25,"i 5",11110
"1936",25,"i 6",11240
"1937",25,"i 7",10150
"1938",25,"i 8",8640
"1939",25,"i 9",11410
"1940",25,"i 10",11470
"1941",25,"i 1",14210
"1942",25,"i 2",10900
"1943",25,"i 3",10250
"1944",25,"i 4",12780
"1945",25,"i 5",10110
"1946",25,"i 6",11240
"1947",25,"i 7",10150
"1948",25,"i 8",8640
"1949",25,"i 9",11410
"1950",25,"i 10",11470
"1951",25,"i 1",14210
"1952",25,"i 2",10900
"1953",25,"i 3",9940
"1954",25,"i 4",12780
"1955",25,"i 5",11040
"1956",25,"i 6",11240
"1957",25,"i 7",10150
"1958",25,"i 8",8640
"1959",25,"i 9",11410
"1960",25,"i 10",11470
"1961",25,"i 1",14210
"1962",25,"i 2",10900
"1963",25,"i 3",9940
"1964",25,"i 4",12780
"1965",25,"i 5",11110
"1966",25,"i 6",11240
"1967",25,"i 7",9700
"1968",25,"i 8",8640
"1969",25,"i 9",11410
"1970",25,"i 10",11470
"1971",25,"i 1",14210
"1972",25,"i 2",10900
"1973",25,"i 3",9940
"1974",25,"i 4",12780
"1975",25,"i 5",11110
"1976",25,"i 6",11240
"1977",25,"i 7",10150
"1978",25,"i 8",8640
"1979",25,"i 9",11410
"1980",25,"i 10",11470
"1981",25,"i 1",14210
"1982",25,"i 2",10900
"1983",25,"i 3",10250
"1984",25,"i 4",12780
"1985",25,"i 5",11110
"1986",25,"i 6",11240
"1987",25,"i 7",9700
"1988",25,"i 8",8640
"1989",25,"i 9",11410
"1990",25,"i 10",11470
"1991",25,"i 1",14210
"1992",25,"i 2",10900
"1993",25,"i 3",9940
"1994",25,"i 4",12780
"1995",25,"i 5",11420
"1996",25,"i 6",11180
"1997",25,"i 7",10150
"1998",25,"i 8",8640
"1999",25,"i 9",11410
"2000",25,"i 10",11470
"2001",50,"i 1",8490
"2002",50,"i 2",8540
"2003",50,"i 3",8910
"2004",50,"i 4",9110
"2005",50,"i 5",9340
"2006",50,"i 6",8490
"2007",50,"i 7",8580
"2008",50,"i 8",8550
"2009",50,"i 9",8540
"2010",50,"i 10",8490
"2011",50,"i 1",8490
"2012",50,"i 2",8540
"2013",50,"i 3",8910
"2014",50,"i 4",9110
"2015",50,"i 5",9340
"2016",50,"i 6",8490
"2017",50,"i 7",8580
"2018",50,"i 8",8490
"2019",50,"i 9",8540
"2020",50,"i 10",8490
"2021",50,"i 1",8490
"2022",50,"i 2",8540
"2023",50,"i 3",8910
"2024",50,"i 4",9110
"2025",50,"i 5",9340
"2026",50,"i 6",8490
"2027",50,"i 7",8580
"2028",50,"i 8",8490
"2029",50,"i 9",8770
"2030",50,"i 10",10500
"2031",50,"i 1",8490
"2032",50,"i 2",8540
"2033",50,"i 3",8910
"2034",50,"i 4",9110
"2035",50,"i 5",9340
"2036",50,"i 6",8490
"2037",50,"i 7",8580
"2038",50,"i 8",8490
"2039",50,"i 9",8540
"2040",50,"i 10",8490
"2041",50,"i 1",8490
"2042",50,"i 2",8540
"2043",50,"i 3",8910
"2044",50,"i 4",9110
"2045",50,"i 5",9340
"2046",50,"i 6",9310
"2047",50,"i 7",8580
"2048",50,"i 8",8490
"2049",50,"i 9",8540
"2050",50,"i 10",8490
"2051",50,"i 1",8490
"2052",50,"i 2",9070
"2053",50,"i 3",8910
"2054",50,"i 4",9110
"2055",50,"i 5",9340
"2056",50,"i 6",8490
"2057",50,"i 7",12000
"2058",50,"i 8",9340
"2059",50,"i 9",8540
"2060",50,"i 10",8490
"2061",50,"i 1",8490
"2062",50,"i 2",8540
"2063",50,"i 3",8910
"2064",50,"i 4",9110
"2065",50,"i 5",9340
"2066",50,"i 6",8490
"2067",50,"i 7",8580
"2068",50,"i 8",8490
"2069",50,"i 9",8540
"2070",50,"i 10",8490
"2071",50,"i 1",8490
"2072",50,"i 2",8540
"2073",50,"i 3",9690
"2074",50,"i 4",9110
"2075",50,"i 5",9340
"2076",50,"i 6",9190
"2077",50,"i 7",8580
"2078",50,"i 8",8490
"2079",50,"i 9",8540
"2080",50,"i 10",8490
"2081",50,"i 1",8490
"2082",50,"i 2",8540
"2083",50,"i 3",9060
"2084",50,"i 4",9110
"2085",50,"i 5",9340
"2086",50,"i 6",8660
"2087",50,"i 7",8580
"2088",50,"i 8",8490
"2089",50,"i 9",8540
"2090",50,"i 10",8490
"2091",50,"i 1",8490
"2092",50,"i 2",8540
"2093",50,"i 3",8910
"2094",50,"i 4",9110
"2095",50,"i 5",9340
"2096",50,"i 6",8490
"2097",50,"i 7",8580
"2098",50,"i 8",8490
"2099",50,"i 9",8640
"2100",50,"i 10",8490
"2101",50,"i 1",8490
"2102",50,"i 2",8540
"2103",50,"i 3",9120
"2104",50,"i 4",9110
"2105",50,"i 5",9340
"2106",50,"i 6",8490
"2107",50,"i 7",8580
"2108",50,"i 8",8490
"2109",50,"i 9",8540
"2110",50,"i 10",8790
"2111",50,"i 1",8490
"2112",50,"i 2",9550
"2113",50,"i 3",8910
"2114",50,"i 4",9110
"2115",50,"i 5",9340
"2116",50,"i 6",8490
"2117",50,"i 7",8960
"2118",50,"i 8",8490
"2119",50,"i 9",8540
"2120",50,"i 10",8490
"2121",50,"i 1",8490
"2122",50,"i 2",8540
"2123",50,"i 3",8910
"2124",50,"i 4",9110
"2125",50,"i 5",9340
"2126",50,"i 6",8490
"2127",50,"i 7",11200
"2128",50,"i 8",8490
"2129",50,"i 9",8540
"2130",50,"i 10",8490
"2131",50,"i 1",8490
"2132",50,"i 2",8540
"2133",50,"i 3",8910
"2134",50,"i 4",9110
"2135",50,"i 5",9340
"2136",50,"i 6",8490
"2137",50,"i 7",8580
"2138",50,"i 8",8490
"2139",50,"i 9",8540
"2140",50,"i 10",9350
"2141",50,"i 1",8490
"2142",50,"i 2",8540
"2143",50,"i 3",8910
"2144",50,"i 4",9110
"2145",50,"i 5",9340
"2146",50,"i 6",8490
"2147",50,"i 7",8580
"2148",50,"i 8",8490
"2149",50,"i 9",9160
"2150",50,"i 10",8490
"2151",50,"i 1",8490
"2152",50,"i 2",8540
"2153",50,"i 3",8910
"2154",50,"i 4",9420
"2155",50,"i 5",9340
"2156",50,"i 6",8490
"2157",50,"i 7",8580
"2158",50,"i 8",8490
"2159",50,"i 9",8540
"2160",50,"i 10",8490
"2161",50,"i 1",8490
"2162",50,"i 2",8540
"2163",50,"i 3",9180
"2164",50,"i 4",9110
"2165",50,"i 5",9340
"2166",50,"i 6",8490
"2167",50,"i 7",8580
"2168",50,"i 8",8490
"2169",50,"i 9",8540
"2170",50,"i 10",8490
"2171",50,"i 1",8490
"2172",50,"i 2",8540
"2173",50,"i 3",8910
"2174",50,"i 4",9110
"2175",50,"i 5",9530
"2176",50,"i 6",8490
"2177",50,"i 7",8580
"2178",50,"i 8",8490
"2179",50,"i 9",8540
"2180",50,"i 10",8490
"2181",50,"i 1",8490
"2182",50,"i 2",8850
"2183",50,"i 3",10910
"2184",50,"i 4",9110
"2185",50,"i 5",9340
"2186",50,"i 6",8490
"2187",50,"i 7",8790
"2188",50,"i 8",8490
"2189",50,"i 9",8540
"2190",50,"i 10",8490
"2191",50,"i 1",8490
"2192",50,"i 2",8540
"2193",50,"i 3",8910
"2194",50,"i 4",9110
"2195",50,"i 5",9340
"2196",50,"i 6",8490
"2197",50,"i 7",8580
"2198",50,"i 8",8490
"2199",50,"i 9",8540
"2200",50,"i 10",8490
"2201",50,"i 1",8490
"2202",50,"i 2",9520
"2203",50,"i 3",8910
"2204",50,"i 4",9110
"2205",50,"i 5",9340
"2206",50,"i 6",8490
"2207",50,"i 7",8580
"2208",50,"i 8",8490
"2209",50,"i 9",8540
"2210",50,"i 10",8490
"2211",50,"i 1",8490
"2212",50,"i 2",8540
"2213",50,"i 3",8910
"2214",50,"i 4",9110
"2215",50,"i 5",9340
"2216",50,"i 6",8490
"2217",50,"i 7",8580
"2218",50,"i 8",8490
"2219",50,"i 9",8540
"2220",50,"i 10",8490
"2221",50,"i 1",8490
"2222",50,"i 2",8820
"2223",50,"i 3",8910
"2224",50,"i 4",9810
"2225",50,"i 5",9340
"2226",50,"i 6",8490
"2227",50,"i 7",10730
"2228",50,"i 8",8490
"2229",50,"i 9",8540
"2230",50,"i 10",8490
"2231",50,"i 1",8490
"2232",50,"i 2",8540
"2233",50,"i 3",8910
"2234",50,"i 4",9110
"2235",50,"i 5",9340
"2236",50,"i 6",8490
"2237",50,"i 7",8580
"2238",50,"i 8",8490
"2239",50,"i 9",8540
"2240",50,"i 10",8900
"2241",50,"i 1",8490
"2242",50,"i 2",8540
"2243",50,"i 3",8910
"2244",50,"i 4",9110
"2245",50,"i 5",9340
"2246",50,"i 6",8490
"2247",50,"i 7",8580
"2248",50,"i 8",8490
"2249",50,"i 9",8540
"2250",50,"i 10",8490
"2251",50,"i 1",8490
"2252",50,"i 2",8540
"2253",50,"i 3",8910
"2254",50,"i 4",9110
"2255",50,"i 5",9920
"2256",50,"i 6",8490
"2257",50,"i 7",8580
"2258",50,"i 8",8490
"2259",50,"i 9",8540
"2260",50,"i 10",8490
"2261",50,"i 1",8490
"2262",50,"i 2",8540
"2263",50,"i 3",8910
"2264",50,"i 4",9110
"2265",50,"i 5",9340
"2266",50,"i 6",8490
"2267",50,"i 7",8580
"2268",50,"i 8",8490
"2269",50,"i 9",8540
"2270",50,"i 10",8860
"2271",50,"i 1",8490
"2272",50,"i 2",8540
"2273",50,"i 3",8910
"2274",50,"i 4",9110
"2275",50,"i 5",9340
"2276",50,"i 6",10540
"2277",50,"i 7",8580
"2278",50,"i 8",8490
"2279",50,"i 9",8540
"2280",50,"i 10",8490
"2281",50,"i 1",8490
"2282",50,"i 2",8540
"2283",50,"i 3",8910
"2284",50,"i 4",9110
"2285",50,"i 5",9340
"2286",50,"i 6",8490
"2287",50,"i 7",8580
"2288",50,"i 8",9620
"2289",50,"i 9",8540
"2290",50,"i 10",8490
"2291",50,"i 1",8490
"2292",50,"i 2",8540
"2293",50,"i 3",8910
"2294",50,"i 4",9110
"2295",50,"i 5",9340
"2296",50,"i 6",8550
"2297",50,"i 7",8580
"2298",50,"i 8",8490
"2299",50,"i 9",8540
"2300",50,"i 10",8490
"2301",50,"i 1",9590
"2302",50,"i 2",8540
"2303",50,"i 3",8910
"2304",50,"i 4",9110
"2305",50,"i 5",9340
"2306",50,"i 6",8490
"2307",50,"i 7",8580
"2308",50,"i 8",8490
"2309",50,"i 9",8540
"2310",50,"i 10",8490
"2311",50,"i 1",8490
"2312",50,"i 2",8540
"2313",50,"i 3",8910
"2314",50,"i 4",9110
"2315",50,"i 5",9340
"2316",50,"i 6",8490
"2317",50,"i 7",8580
"2318",50,"i 8",8490
"2319",50,"i 9",8540
"2320",50,"i 10",8490
"2321",50,"i 1",8490
"2322",50,"i 2",8540
"2323",50,"i 3",8910
"2324",50,"i 4",9110
"2325",50,"i 5",9340
"2326",50,"i 6",8490
"2327",50,"i 7",8580
"2328",50,"i 8",8500
"2329",50,"i 9",8540
"2330",50,"i 10",8490
"2331",50,"i 1",8490
"2332",50,"i 2",8540
"2333",50,"i 3",8910
"2334",50,"i 4",9110
"2335",50,"i 5",9340
"2336",50,"i 6",8490
"2337",50,"i 7",10820
"2338",50,"i 8",10040
"2339",50,"i 9",8540
"2340",50,"i 10",8900
"2341",50,"i 1",9000
"2342",50,"i 2",8540
"2343",50,"i 3",8910
"2344",50,"i 4",9110
"2345",50,"i 5",9490
"2346",50,"i 6",8490
"2347",50,"i 7",8580
"2348",50,"i 8",8490
"2349",50,"i 9",8540
"2350",50,"i 10",8490
"2351",50,"i 1",8490
"2352",50,"i 2",8540
"2353",50,"i 3",8910
"2354",50,"i 4",9110
"2355",50,"i 5",9340
"2356",50,"i 6",8490
"2357",50,"i 7",8580
"2358",50,"i 8",8490
"2359",50,"i 9",8540
"2360",50,"i 10",8490
"2361",50,"i 1",8490
"2362",50,"i 2",8540
"2363",50,"i 3",8910
"2364",50,"i 4",9110
"2365",50,"i 5",9340
"2366",50,"i 6",8740
"2367",50,"i 7",8580
"2368",50,"i 8",8490
"2369",50,"i 9",8540
"2370",50,"i 10",8490
"2371",50,"i 1",8490
"2372",50,"i 2",8540
"2373",50,"i 3",8910
"2374",50,"i 4",9110
"2375",50,"i 5",9340
"2376",50,"i 6",8490
"2377",50,"i 7",8580
"2378",50,"i 8",8490
"2379",50,"i 9",8750
"2380",50,"i 10",8490
"2381",50,"i 1",8490
"2382",50,"i 2",8540
"2383",50,"i 3",8910
"2384",50,"i 4",9110
"2385",50,"i 5",9340
"2386",50,"i 6",9140
"2387",50,"i 7",8580
"2388",50,"i 8",10750
"2389",50,"i 9",8540
"2390",50,"i 10",8490
"2391",50,"i 1",8510
"2392",50,"i 2",8540
"2393",50,"i 3",8910
"2394",50,"i 4",9110
"2395",50,"i 5",9340
"2396",50,"i 6",8490
"2397",50,"i 7",8580
"2398",50,"i 8",8490
"2399",50,"i 9",8540
"2400",50,"i 10",8490
"2401",50,"i 1",8490
"2402",50,"i 2",8540
"2403",50,"i 3",8910
"2404",50,"i 4",9110
"2405",50,"i 5",9340
"2406",50,"i 6",8490
"2407",50,"i 7",8580
"2408",50,"i 8",8490
"2409",50,"i 9",8540
"2410",50,"i 10",9030
"2411",50,"i 1",8490
"2412",50,"i 2",8540
"2413",50,"i 3",8910
"2414",50,"i 4",9110
"2415",50,"i 5",9340
"2416",50,"i 6",8490
"2417",50,"i 7",8580
"2418",50,"i 8",8490
"2419",50,"i 9",8540
"2420",50,"i 10",8490
"2421",50,"i 1",8490
"2422",50,"i 2",8540
"2423",50,"i 3",8910
"2424",50,"i 4",9110
"2425",50,"i 5",10390
"2426",50,"i 6",8490
"2427",50,"i 7",8580
"2428",50,"i 8",8490
"2429",50,"i 9",8540
"2430",50,"i 10",8490
"2431",50,"i 1",8490
"2432",50,"i 2",8540
"2433",50,"i 3",8910
"2434",50,"i 4",9460
"2435",50,"i 5",9340
"2436",50,"i 6",8490
"2437",50,"i 7",8720
"2438",50,"i 8",8490
"2439",50,"i 9",8540
"2440",50,"i 10",8490
"2441",50,"i 1",10780
"2442",50,"i 2",8540
"2443",50,"i 3",8910
"2444",50,"i 4",9110
"2445",50,"i 5",9340
"2446",50,"i 6",9600
"2447",50,"i 7",8580
"2448",50,"i 8",8490
"2449",50,"i 9",8540
"2450",50,"i 10",8490
"2451",50,"i 1",8490
"2452",50,"i 2",8540
"2453",50,"i 3",8910
"2454",50,"i 4",9110
"2455",50,"i 5",9340
"2456",50,"i 6",8490
"2457",50,"i 7",8580
"2458",50,"i 8",8490
"2459",50,"i 9",8540
"2460",50,"i 10",8490
"2461",50,"i 1",8490
"2462",50,"i 2",8540
"2463",50,"i 3",8910
"2464",50,"i 4",9110
"2465",50,"i 5",9340
"2466",50,"i 6",8490
"2467",50,"i 7",8580
"2468",50,"i 8",10170
"2469",50,"i 9",8540
"2470",50,"i 10",8490
"2471",50,"i 1",8490
"2472",50,"i 2",8540
"2473",50,"i 3",9920
"2474",50,"i 4",9110
"2475",50,"i 5",9340
"2476",50,"i 6",8490
"2477",50,"i 7",8580
"2478",50,"i 8",8490
"2479",50,"i 9",8540
"2480",50,"i 10",8490
"2481",50,"i 1",8490
"2482",50,"i 2",8540
"2483",50,"i 3",8910
"2484",50,"i 4",9110
"2485",50,"i 5",9340
"2486",50,"i 6",8490
"2487",50,"i 7",8580
"2488",50,"i 8",8490
"2489",50,"i 9",8700
"2490",50,"i 10",9350
"2491",50,"i 1",9800
"2492",50,"i 2",8540
"2493",50,"i 3",9340
"2494",50,"i 4",9110
"2495",50,"i 5",9340
"2496",50,"i 6",8490
"2497",50,"i 7",8580
"2498",50,"i 8",8490
"2499",50,"i 9",8540
"2500",50,"i 10",8490
"2501",50,"i 1",8490
"2502",50,"i 2",8540
"2503",50,"i 3",9660
"2504",50,"i 4",9110
"2505",50,"i 5",9340
"2506",50,"i 6",8490
"2507",50,"i 7",8580
"2508",50,"i 8",8490
"2509",50,"i 9",8540
"2510",50,"i 10",8920
"2511",50,"i 1",8490
"2512",50,"i 2",12410
"2513",50,"i 3",8910
"2514",50,"i 4",9110
"2515",50,"i 5",9340
"2516",50,"i 6",8490
"2517",50,"i 7",8580
"2518",50,"i 8",8490
"2519",50,"i 9",8540
"2520",50,"i 10",8830
"2521",50,"i 1",8490
"2522",50,"i 2",8540
"2523",50,"i 3",8910
"2524",50,"i 4",9110
"2525",50,"i 5",9340
"2526",50,"i 6",8540
"2527",50,"i 7",8580
"2528",50,"i 8",8830
"2529",50,"i 9",8540
"2530",50,"i 10",8490
"2531",50,"i 1",8880
"2532",50,"i 2",8540
"2533",50,"i 3",8910
"2534",50,"i 4",9110
"2535",50,"i 5",10080
"2536",50,"i 6",8490
"2537",50,"i 7",8580
"2538",50,"i 8",11860
"2539",50,"i 9",8540
"2540",50,"i 10",8490
"2541",50,"i 1",8490
"2542",50,"i 2",8540
"2543",50,"i 3",8910
"2544",50,"i 4",9110
"2545",50,"i 5",9340
"2546",50,"i 6",8490
"2547",50,"i 7",10150
"2548",50,"i 8",8490
"2549",50,"i 9",8540
"2550",50,"i 10",8490
"2551",50,"i 1",8490
"2552",50,"i 2",8540
"2553",50,"i 3",8910
"2554",50,"i 4",9110
"2555",50,"i 5",9340
"2556",50,"i 6",8490
"2557",50,"i 7",11690
"2558",50,"i 8",8490
"2559",50,"i 9",8540
"2560",50,"i 10",8490
"2561",50,"i 1",8490
"2562",50,"i 2",8540
"2563",50,"i 3",8910
"2564",50,"i 4",9110
"2565",50,"i 5",9340
"2566",50,"i 6",8490
"2567",50,"i 7",8580
"2568",50,"i 8",9020
"2569",50,"i 9",8540
"2570",50,"i 10",8490
"2571",50,"i 1",8490
"2572",50,"i 2",8540
"2573",50,"i 3",9530
"2574",50,"i 4",9110
"2575",50,"i 5",9340
"2576",50,"i 6",8490
"2577",50,"i 7",8580
"2578",50,"i 8",8490
"2579",50,"i 9",9970
"2580",50,"i 10",8490
"2581",50,"i 1",8490
"2582",50,"i 2",8540
"2583",50,"i 3",8910
"2584",50,"i 4",9110
"2585",50,"i 5",9340
"2586",50,"i 6",8490
"2587",50,"i 7",8580
"2588",50,"i 8",10040
"2589",50,"i 9",8540
"2590",50,"i 10",8490
"2591",50,"i 1",8490
"2592",50,"i 2",8540
"2593",50,"i 3",8910
"2594",50,"i 4",9110
"2595",50,"i 5",9340
"2596",50,"i 6",8490
"2597",50,"i 7",9570
"2598",50,"i 8",8490
"2599",50,"i 9",10940
"2600",50,"i 10",8490
"2601",50,"i 1",8490
"2602",50,"i 2",8540
"2603",50,"i 3",8910
"2604",50,"i 4",9110
"2605",50,"i 5",9340
"2606",50,"i 6",8550
"2607",50,"i 7",8580
"2608",50,"i 8",8490
"2609",50,"i 9",8540
"2610",50,"i 10",8490
"2611",50,"i 1",8490
"2612",50,"i 2",8540
"2613",50,"i 3",8910
"2614",50,"i 4",9110
"2615",50,"i 5",9340
"2616",50,"i 6",8490
"2617",50,"i 7",8580
"2618",50,"i 8",8490
"2619",50,"i 9",8540
"2620",50,"i 10",8940
"2621",50,"i 1",10260
"2622",50,"i 2",8540
"2623",50,"i 3",8910
"2624",50,"i 4",9110
"2625",50,"i 5",9340
"2626",50,"i 6",8490
"2627",50,"i 7",8580
"2628",50,"i 8",8490
"2629",50,"i 9",8540
"2630",50,"i 10",9630
"2631",50,"i 1",9740
"2632",50,"i 2",8540
"2633",50,"i 3",8910
"2634",50,"i 4",9110
"2635",50,"i 5",9340
"2636",50,"i 6",8490
"2637",50,"i 7",8580
"2638",50,"i 8",8490
"2639",50,"i 9",8540
"2640",50,"i 10",10340
"2641",50,"i 1",8490
"2642",50,"i 2",8540
"2643",50,"i 3",9390
"2644",50,"i 4",9110
"2645",50,"i 5",10550
"2646",50,"i 6",8750
"2647",50,"i 7",8580
"2648",50,"i 8",8490
"2649",50,"i 9",8540
"2650",50,"i 10",8720
"2651",50,"i 1",8490
"2652",50,"i 2",8540
"2653",50,"i 3",8910
"2654",50,"i 4",9110
"2655",50,"i 5",9340
"2656",50,"i 6",8490
"2657",50,"i 7",8580
"2658",50,"i 8",8490
"2659",50,"i 9",8540
"2660",50,"i 10",8490
"2661",50,"i 1",8490
"2662",50,"i 2",8540
"2663",50,"i 3",8910
"2664",50,"i 4",9110
"2665",50,"i 5",9340
"2666",50,"i 6",8490
"2667",50,"i 7",8580
"2668",50,"i 8",8490
"2669",50,"i 9",8540
"2670",50,"i 10",8490
"2671",50,"i 1",8490
"2672",50,"i 2",8540
"2673",50,"i 3",8910
"2674",50,"i 4",9110
"2675",50,"i 5",9340
"2676",50,"i 6",8490
"2677",50,"i 7",9700
"2678",50,"i 8",8490
"2679",50,"i 9",8540
"2680",50,"i 10",8490
"2681",50,"i 1",8490
"2682",50,"i 2",8540
"2683",50,"i 3",8910
"2684",50,"i 4",9110
"2685",50,"i 5",9340
"2686",50,"i 6",8490
"2687",50,"i 7",8580
"2688",50,"i 8",8490
"2689",50,"i 9",8540
"2690",50,"i 10",8490
"2691",50,"i 1",9060
"2692",50,"i 2",8540
"2693",50,"i 3",9100
"2694",50,"i 4",9110
"2695",50,"i 5",9340
"2696",50,"i 6",9550
"2697",50,"i 7",8580
"2698",50,"i 8",8490
"2699",50,"i 9",8540
"2700",50,"i 10",8490
"2701",50,"i 1",8490
"2702",50,"i 2",8540
"2703",50,"i 3",8910
"2704",50,"i 4",9110
"2705",50,"i 5",9340
"2706",50,"i 6",8490
"2707",50,"i 7",8580
"2708",50,"i 8",8490
"2709",50,"i 9",8540
"2710",50,"i 10",8490
"2711",50,"i 1",8490
"2712",50,"i 2",8540
"2713",50,"i 3",8910
"2714",50,"i 4",9110
"2715",50,"i 5",9340
"2716",50,"i 6",8490
"2717",50,"i 7",8580
"2718",50,"i 8",8490
"2719",50,"i 9",8540
"2720",50,"i 10",8490
"2721",50,"i 1",8490
"2722",50,"i 2",8540
"2723",50,"i 3",8910
"2724",50,"i 4",9110
"2725",50,"i 5",9340
"2726",50,"i 6",10430
"2727",50,"i 7",8580
"2728",50,"i 8",8490
"2729",50,"i 9",8540
"2730",50,"i 10",8490
"2731",50,"i 1",8490
"2732",50,"i 2",8540
"2733",50,"i 3",8910
"2734",50,"i 4",9110
"2735",50,"i 5",9340
"2736",50,"i 6",8490
"2737",50,"i 7",8580
"2738",50,"i 8",8490
"2739",50,"i 9",8540
"2740",50,"i 10",8940
"2741",50,"i 1",8490
"2742",50,"i 2",8540
"2743",50,"i 3",8910
"2744",50,"i 4",9110
"2745",50,"i 5",9340
"2746",50,"i 6",8490
"2747",50,"i 7",8580
"2748",50,"i 8",8620
"2749",50,"i 9",8540
"2750",50,"i 10",8490
"2751",50,"i 1",8490
"2752",50,"i 2",8540
"2753",50,"i 3",8910
"2754",50,"i 4",9110
"2755",50,"i 5",9340
"2756",50,"i 6",8490
"2757",50,"i 7",8580
"2758",50,"i 8",8490
"2759",50,"i 9",8540
"2760",50,"i 10",8490
"2761",50,"i 1",8490
"2762",50,"i 2",9550
"2763",50,"i 3",8910
"2764",50,"i 4",9110
"2765",50,"i 5",9340
"2766",50,"i 6",8490
"2767",50,"i 7",8580
"2768",50,"i 8",8490
"2769",50,"i 9",8540
"2770",50,"i 10",8490
"2771",50,"i 1",8490
"2772",50,"i 2",8540
"2773",50,"i 3",8910
"2774",50,"i 4",9580
"2775",50,"i 5",9340
"2776",50,"i 6",9460
"2777",50,"i 7",8580
"2778",50,"i 8",8490
"2779",50,"i 9",8540
"2780",50,"i 10",8490
"2781",50,"i 1",8490
"2782",50,"i 2",8540
"2783",50,"i 3",8910
"2784",50,"i 4",9110
"2785",50,"i 5",9340
"2786",50,"i 6",8490
"2787",50,"i 7",8600
"2788",50,"i 8",8490
"2789",50,"i 9",8540
"2790",50,"i 10",8490
"2791",50,"i 1",8490
"2792",50,"i 2",8540
"2793",50,"i 3",8910
"2794",50,"i 4",9110
"2795",50,"i 5",9340
"2796",50,"i 6",8490
"2797",50,"i 7",8580
"2798",50,"i 8",8490
"2799",50,"i 9",8540
"2800",50,"i 10",9840
"2801",50,"i 1",8490
"2802",50,"i 2",8540
"2803",50,"i 3",8910
"2804",50,"i 4",11100
"2805",50,"i 5",9340
"2806",50,"i 6",8490
"2807",50,"i 7",8580
"2808",50,"i 8",8490
"2809",50,"i 9",9280
"2810",50,"i 10",8490
"2811",50,"i 1",8490
"2812",50,"i 2",8540
"2813",50,"i 3",8910
"2814",50,"i 4",9110
"2815",50,"i 5",9340
"2816",50,"i 6",8490
"2817",50,"i 7",8580
"2818",50,"i 8",8490
"2819",50,"i 9",8540
"2820",50,"i 10",9900
"2821",50,"i 1",8490
"2822",50,"i 2",8540
"2823",50,"i 3",8910
"2824",50,"i 4",9110
"2825",50,"i 5",9340
"2826",50,"i 6",8490
"2827",50,"i 7",8580
"2828",50,"i 8",8490
"2829",50,"i 9",8540
"2830",50,"i 10",9750
"2831",50,"i 1",8490
"2832",50,"i 2",8540
"2833",50,"i 3",8910
"2834",50,"i 4",9110
"2835",50,"i 5",9340
"2836",50,"i 6",8490
"2837",50,"i 7",8580
"2838",50,"i 8",8490
"2839",50,"i 9",8540
"2840",50,"i 10",8490
"2841",50,"i 1",8490
"2842",50,"i 2",8540
"2843",50,"i 3",8910
"2844",50,"i 4",9110
"2845",50,"i 5",9340
"2846",50,"i 6",8490
"2847",50,"i 7",8580
"2848",50,"i 8",8490
"2849",50,"i 9",8660
"2850",50,"i 10",8490
"2851",50,"i 1",8490
"2852",50,"i 2",8540
"2853",50,"i 3",8910
"2854",50,"i 4",9110
"2855",50,"i 5",9340
"2856",50,"i 6",8490
"2857",50,"i 7",8580
"2858",50,"i 8",8560
"2859",50,"i 9",8540
"2860",50,"i 10",8490
"2861",50,"i 1",8490
"2862",50,"i 2",8540
"2863",50,"i 3",8910
"2864",50,"i 4",9110
"2865",50,"i 5",9340
"2866",50,"i 6",8490
"2867",50,"i 7",8580
"2868",50,"i 8",8490
"2869",50,"i 9",8540
"2870",50,"i 10",8490
"2871",50,"i 1",8490
"2872",50,"i 2",8540
"2873",50,"i 3",8910
"2874",50,"i 4",9110
"2875",50,"i 5",9340
"2876",50,"i 6",8490
"2877",50,"i 7",8580
"2878",50,"i 8",8490
"2879",50,"i 9",8540
"2880",50,"i 10",8490
"2881",50,"i 1",8490
"2882",50,"i 2",8540
"2883",50,"i 3",8910
"2884",50,"i 4",9110
"2885",50,"i 5",9340
"2886",50,"i 6",8490
"2887",50,"i 7",8580
"2888",50,"i 8",8490
"2889",50,"i 9",8540
"2890",50,"i 10",8490
"2891",50,"i 1",8490
"2892",50,"i 2",8540
"2893",50,"i 3",8910
"2894",50,"i 4",9110
"2895",50,"i 5",9340
"2896",50,"i 6",8490
"2897",50,"i 7",8580
"2898",50,"i 8",10830
"2899",50,"i 9",8540
"2900",50,"i 10",8490
"2901",50,"i 1",8490
"2902",50,"i 2",8540
"2903",50,"i 3",8910
"2904",50,"i 4",9110
"2905",50,"i 5",9340
"2906",50,"i 6",8490
"2907",50,"i 7",8580
"2908",50,"i 8",8490
"2909",50,"i 9",8540
"2910",50,"i 10",8490
"2911",50,"i 1",8490
"2912",50,"i 2",8540
"2913",50,"i 3",8910
"2914",50,"i 4",9110
"2915",50,"i 5",9340
"2916",50,"i 6",8490
"2917",50,"i 7",8580
"2918",50,"i 8",8490
"2919",50,"i 9",8540
"2920",50,"i 10",8490
"2921",50,"i 1",8490
"2922",50,"i 2",8540
"2923",50,"i 3",8910
"2924",50,"i 4",9110
"2925",50,"i 5",9340
"2926",50,"i 6",8490
"2927",50,"i 7",8580
"2928",50,"i 8",8490
"2929",50,"i 9",8540
"2930",50,"i 10",8490
"2931",50,"i 1",8710
"2932",50,"i 2",8540
"2933",50,"i 3",10140
"2934",50,"i 4",9110
"2935",50,"i 5",9340
"2936",50,"i 6",8490
"2937",50,"i 7",8580
"2938",50,"i 8",8490
"2939",50,"i 9",8540
"2940",50,"i 10",8490
"2941",50,"i 1",8490
"2942",50,"i 2",8540
"2943",50,"i 3",10080
"2944",50,"i 4",9110
"2945",50,"i 5",9340
"2946",50,"i 6",10040
"2947",50,"i 7",8580
"2948",50,"i 8",8490
"2949",50,"i 9",8540
"2950",50,"i 10",8490
"2951",50,"i 1",8490
"2952",50,"i 2",8540
"2953",50,"i 3",8910
"2954",50,"i 4",9110
"2955",50,"i 5",9340
"2956",50,"i 6",8490
"2957",50,"i 7",8580
"2958",50,"i 8",8490
"2959",50,"i 9",8540
"2960",50,"i 10",9030
"2961",50,"i 1",8490
"2962",50,"i 2",8540
"2963",50,"i 3",8910
"2964",50,"i 4",9110
"2965",50,"i 5",9340
"2966",50,"i 6",10890
"2967",50,"i 7",8580
"2968",50,"i 8",8490
"2969",50,"i 9",8540
"2970",50,"i 10",10500
"2971",50,"i 1",8490
"2972",50,"i 2",8540
"2973",50,"i 3",8910
"2974",50,"i 4",9110
"2975",50,"i 5",9340
"2976",50,"i 6",8490
"2977",50,"i 7",8580
"2978",50,"i 8",8490
"2979",50,"i 9",8540
"2980",50,"i 10",9120
"2981",50,"i 1",8490
"2982",50,"i 2",8540
"2983",50,"i 3",8910
"2984",50,"i 4",9110
"2985",50,"i 5",9340
"2986",50,"i 6",8490
"2987",50,"i 7",10030
"2988",50,"i 8",8490
"2989",50,"i 9",8540
"2990",50,"i 10",8490
"2991",50,"i 1",8490
"2992",50,"i 2",8540
"2993",50,"i 3",8910
"2994",50,"i 4",9110
"2995",50,"i 5",9340
"2996",50,"i 6",8490
"2997",50,"i 7",8580
"2998",50,"i 8",9960
"2999",50,"i 9",8540
"3000",50,"i 10",8490
